fixture	pile	n_pixels	c_size	c_dssim	tiny_size	tiny_dssim	baseline_size	baseline_dssim	size_pass	dssim_pass	both	baseline_both	regression
mi0.png	PileC	9216	727	0.000016	831	0.000006	727	0.000016	N	Y	N	N	
mi1.png	PileC	9216	740	0.000018	874	0.000006	740	0.000018	N	N	N	N	
mi2.png	PileC	9216	593	0.000016	698	0.000005	593	0.000016	N	N	N	N	
n00_mars.png	PASS	739840	254458	0.001595	340897	0.002005	254458	0.001595	Y	Y	Y	Y	
n01_mars.png	PASS	1359360	322292	0.003032	479278	0.003190	322292	0.003032	Y	Y	Y	Y	
n02_mars.png	PASS	1561600	371572	0.002384	544523	0.002485	371572	0.002384	Y	Y	Y	Y	
n03_mars.png	PileB	1350400	308972	0.004281	483486	0.004058	308972	0.004281	Y	N	N	N	
n04_mars.png	PileB	1187840	368487	0.003349	504710	0.002910	368487	0.003349	Y	N	N	N	
n05_jupiter.png	PileB	531615	146482	0.000374	207736	0.000302	146482	0.000374	Y	N	N	N	
n06_jupiter.png	PileB	545600	110268	0.005130	186903	0.003063	110268	0.005130	Y	N	N	N	
n07_jupiter.png	PASS	369280	124430	0.000629	160749	0.000651	124430	0.000629	Y	Y	Y	Y	
n08_jupiter.png	PileB	355840	95807	0.001285	126350	0.001123	95807	0.001285	Y	N	N	N	
n09_nebula.png	PileA	819200	459804	0.003444	494454	0.008298	459804	0.003444	N	Y	N	N	
n10_nebula.png	PileA	270080	167023	0.001265	182134	0.002352	167023	0.001265	N	Y	N	N	
n11_nebula.png	PileA	400014	171176	0.000000	60684	0.005113	171176	0.000000	N	Y	N	N	
n12_nebula.png	PileA	1309440	710732	0.001612	769676	0.003623	710732	0.001612	N	Y	N	N	
n13_nebula.png	PileA	1592320	600663	0.002291	645039	0.004253	600663	0.002291	N	Y	N	N	
n14_galaxy.png	PileA	1638400	779758	0.001078	901681	0.002720	779758	0.001078	N	Y	N	N	
n15_galaxy.png	PileA	382080	165537	0.001288	206151	0.003915	165537	0.001288	N	Y	N	N	
n16_galaxy.png	PileA	1638400	978680	0.000591	1112319	0.002027	978680	0.000591	N	Y	N	N	
n17_galaxy.png	PileA	400640	194060	0.000000	120520	0.003261	194060	0.000000	N	Y	N	N	
n18_galaxy.png	PileA	394880	132427	0.001106	150877	0.003410	132427	0.001106	N	Y	N	N	
n19_moon.png	PileA	1146880	297763	0.000019	273925	0.000652	297763	0.000019	N	Y	N	N	
n20_moon.png	PileA	409600	219738	0.000705	271814	0.001135	219738	0.000705	N	Y	N	N	
n21_sun.png	PASS	832000	159680	0.014727	225025	0.015112	159680	0.014727	Y	Y	Y	Y	
n22_sun.png	PileA	229120	66334	0.000382	71633	0.001707	66334	0.000382	N	Y	N	N	
n23_sun.png	PASS	409600	124663	0.001246	201468	0.002362	124663	0.001246	Y	Y	Y	Y	
n24_sun.png	PileA	1638400	1118488	0.000000	392459	0.017567	1118488	0.000000	N	Y	N	N	
n25_hubble.png	PileA	1594880	1304418	0.001197	1407354	0.002190	1304418	0.001197	N	Y	N	N	
n26_hubble.png	PASS	409600	74647	0.000809	95042	0.001385	74647	0.000809	Y	Y	Y	Y	
n27_hubble.png	PileB	450000	96692	0.004372	126717	0.003664	96692	0.004372	Y	N	N	N	
n28_astronaut.png	PASS	1228800	337157	0.003699	451243	0.004752	337157	0.003699	Y	Y	Y	Y	
n29_astronaut.png	PileB	1091840	328795	0.005630	455819	0.005080	328795	0.005630	Y	N	N	N	
n30_astronaut.png	PASS	1091840	232597	0.005057	382847	0.005185	232597	0.005057	Y	Y	Y	Y	
n31_rover.png	PileC	307200	158370	0.001370	177902	0.001354	158370	0.001370	N	N	N	N	
n32_rover.png	PileA	1634560	516979	0.000076	482564	0.000439	516979	0.000076	N	Y	N	N	
n33_rover.png	PileB	1067520	349799	0.001135	488730	0.001125	349799	0.001135	Y	Y	Y	Y	
n34_comet.png	PileA	306560	71485	0.000195	63336	0.003450	71485	0.000195	N	Y	N	N	
n35_comet.png	PileA	498688	138313	0.000334	163331	0.001088	138313	0.000334	N	Y	N	N	
n36_comet.png	PileA	236160	17594	0.000006	12835	0.000632	17594	0.000006	N	Y	N	N	
p0_480x320.png	PileA	153600	44916	0.002922	55730	0.004327	44916	0.002922	N	Y	N	N	
p100_1024x768.png	PASS	786432	252202	0.000948	344191	0.001635	252202	0.000948	Y	Y	Y	Y	
p101_1024x768.png	PASS	786432	190901	0.001335	287524	0.001475	190901	0.001335	Y	Y	Y	Y	
p102_1024x768.png	PileA	786432	332938	0.000005	290334	0.000156	332938	0.000005	N	Y	N	N	
p103_1024x768.png	PileA	786432	182110	0.000083	161390	0.000301	182110	0.000083	N	Y	N	N	
p104_1024x768.png	PASS	786432	232784	0.000911	318336	0.001018	232784	0.000911	Y	Y	Y	Y	
p105_1024x768.png	PileA	786432	266371	0.000655	308358	0.001369	266371	0.000655	N	Y	N	N	
p106_1024x768.png	PileA	786432	232913	0.000032	222351	0.000108	232913	0.000032	N	Y	N	N	
p107_1024x768.png	PileA	786432	287057	0.000000	185286	0.000889	287057	0.000000	N	Y	N	N	
p108_1024x768.png	PASS	786432	188733	0.000472	273177	0.000683	188733	0.000472	Y	Y	Y	Y	
p109_1024x768.png	PileA	786432	383212	0.000740	438797	0.000916	383212	0.000740	N	Y	N	N	
p10_480x320.png	PASS	153600	50825	0.000563	63638	0.000587	50825	0.000563	Y	Y	Y	Y	
p110_1024x768.png	PileA	786432	314853	0.000044	319336	0.000135	314853	0.000044	N	Y	N	N	
p111_1024x768.png	PileB	786432	155607	0.001652	238960	0.001468	155607	0.001652	Y	N	N	N	
p112_1024x768.png	PASS	786432	220417	0.000428	320946	0.000495	220417	0.000428	Y	Y	Y	Y	
p113_1024x768.png	PASS	786432	278096	0.000942	348281	0.001041	278096	0.000942	Y	Y	Y	Y	
p114_1024x768.png	PileA	786432	400054	0.001037	439343	0.001354	400054	0.001037	N	Y	N	N	
p115_1024x768.png	PileA	786432	399695	0.000000	204799	0.001970	399695	0.000000	N	Y	N	N	
p116_1024x768.png	PASS	786432	336654	0.002189	431423	0.002709	336654	0.002189	Y	Y	Y	Y	
p117_1024x768.png	PileA	786432	412693	0.000020	374074	0.000156	412693	0.000020	N	Y	N	N	
p118_1024x768.png	PileB	786432	273582	0.003409	387003	0.001719	273582	0.003409	Y	N	N	N	
p119_1024x768.png	PASS	786432	137377	0.000333	199798	0.000344	137377	0.000333	Y	Y	Y	Y	
p11_480x320.png	PileA	153600	56605	0.000989	68613	0.001647	56605	0.000989	N	Y	N	N	
p120_1920x1080.png	PASS	2073600	342482	0.004908	520637	0.006654	342482	0.004908	Y	Y	Y	Y	
p121_1920x1080.png	PileC	2073600	434274	0.004583	542483	0.004316	434274	0.004583	N	N	N	N	
p122_1920x1080.png	PileB	2073600	309340	0.004795	491824	0.003831	309340	0.004795	Y	N	N	N	
p123_1920x1080.png	PASS	2073600	313493	0.006540	546648	0.007202	313493	0.006540	Y	Y	Y	Y	
p124_1920x1080.png	PASS	2073600	346041	0.003086	515875	0.003138	346041	0.003086	Y	Y	Y	Y	
p125_1920x1080.png	PileA	2073600	831892	0.000000	477885	0.009766	831892	0.000000	N	Y	N	N	
p126_1920x1080.png	PileB	2073600	423286	0.004067	654601	0.003996	423286	0.004067	Y	N	N	N	
p127_1920x1080.png	PileC	2073600	564913	0.001435	678969	0.001289	564913	0.001435	N	N	N	N	
p128_1920x1080.png	PileC	2073600	659910	0.001075	756448	0.000997	659910	0.001075	N	N	N	N	
p129_1920x1080.png	PileC	2073600	954763	0.000850	1054145	0.000688	954763	0.000850	N	N	N	N	
p12_480x320.png	PileA	153600	76982	0.000670	84452	0.000892	76982	0.000670	N	Y	N	N	
p130_1920x1080.png	PileA	2073600	789787	0.000728	887106	0.000899	789787	0.000728	N	Y	N	N	
p131_1920x1080.png	PileA	2073600	619982	0.001418	751372	0.001911	619982	0.001418	N	Y	N	N	
p132_1920x1080.png	PileA	2073600	1264443	0.000874	1276340	0.001235	1264443	0.000874	N	Y	N	N	
p133_1920x1080.png	PileA	2073600	906968	0.000906	1007424	0.001036	906968	0.000906	N	Y	N	N	
p134_1920x1080.png	PileA	2073600	1149703	0.000814	1302079	0.000990	1149703	0.000814	N	Y	N	N	
p135_1920x1080.png	PileA	2073600	768107	0.001065	835245	0.001255	768107	0.001065	N	Y	N	N	
p136_1920x1080.png	PileC	2073600	1308837	0.001711	1427597	0.001485	1308837	0.001711	N	N	N	N	
p137_1920x1080.png	PileC	2073600	939884	0.002837	946813	0.002387	939884	0.002837	N	N	N	N	
p138_1920x1080.png	PileC	2073600	878016	0.002805	976528	0.002074	878016	0.002805	N	N	N	N	
p139_1920x1080.png	PASS	2073600	565403	0.001140	752508	0.001191	565403	0.001140	Y	Y	Y	Y	
p13_480x320.png	PileA	153600	62344	0.000391	72796	0.000600	62344	0.000391	N	Y	N	N	
p140_1920x1080.png	PileA	2073600	816988	0.009845	890636	0.010287	816988	0.009845	N	Y	N	N	
p141_1920x1080.png	PileA	2073600	1288592	0.000249	1537054	0.000469	1288592	0.000249	N	Y	N	N	
p142_1920x1080.png	PASS	2073600	393647	0.000460	570681	0.000802	393647	0.000460	Y	Y	Y	Y	
p143_1920x1080.png	PileA	2073600	801322	0.000000	491175	0.001472	801322	0.000000	N	Y	N	N	
p144_1920x1080.png	PileA	2073600	875230	0.000900	1071395	0.001040	875230	0.000900	N	Y	N	N	
p145_1920x1080.png	PileA	2073600	1090014	0.000284	1317884	0.000406	1090014	0.000284	N	Y	N	N	
p146_1920x1080.png	PileA	2073600	802772	0.000977	898833	0.001356	802772	0.000977	N	Y	N	N	
p147_1920x1080.png	PileC	2073600	1481996	0.001886	1463999	0.001383	1481996	0.001886	N	N	N	N	
p148_1920x1080.png	PileA	2073600	1511494	0.000624	1558895	0.000901	1511494	0.000624	N	Y	N	N	
p149_1920x1080.png	PileB	2073600	362897	0.003633	649671	0.002464	362897	0.003633	Y	N	N	N	
p14_480x320.png	PileA	153600	110940	0.000632	118639	0.000756	110940	0.000632	N	Y	N	N	
p150_1920x1080.png	PileA	2073600	413853	0.000210	391307	0.000772	413853	0.000210	N	Y	N	N	
p151_1920x1080.png	PileA	2073600	1277971	0.000195	1432808	0.000292	1277971	0.000195	N	Y	N	N	
p152_1920x1080.png	PASS	2073600	560305	0.003764	748369	0.005142	560305	0.003764	Y	Y	Y	Y	
p153_1920x1080.png	PileA	2073600	983205	0.005851	1191403	0.007764	983205	0.005851	N	Y	N	N	
p154_1920x1080.png	PileB	2073600	350092	0.006599	624033	0.002595	350092	0.006599	Y	N	N	N	
p155_1920x1080.png	PASS	2073600	552600	0.000403	755114	0.000539	552600	0.000403	Y	Y	Y	Y	
p156_1920x1080.png	PileA	2073600	612433	0.000550	722150	0.000742	612433	0.000550	N	Y	N	N	
p157_1920x1080.png	PASS	2073600	625018	0.000687	829269	0.000983	625018	0.000687	Y	Y	Y	Y	
p158_1920x1080.png	PileA	2073600	419011	0.000000	381228	0.000562	419011	0.000000	N	Y	N	N	
p159_1920x1080.png	PASS	2073600	744422	0.000751	935676	0.000924	744422	0.000751	Y	Y	Y	Y	
p15_480x320.png	PileA	153600	52398	0.001047	64533	0.001201	52398	0.001047	N	Y	N	N	
p160_1920x1080.png	PASS	2073600	510653	0.001663	807968	0.002318	510653	0.001663	Y	Y	Y	Y	
p161_1920x1080.png	PileB	2073600	389708	0.001657	652332	0.001555	389708	0.001657	Y	N	N	N	
p162_1920x1080.png	PileA	2073600	757157	0.000049	729774	0.000208	757157	0.000049	N	Y	N	N	
p163_1920x1080.png	PileA	2073600	428198	0.000122	345991	0.000641	428198	0.000122	N	Y	N	N	
p164_1920x1080.png	PASS	2073600	526607	0.000975	761907	0.001032	526607	0.000975	Y	Y	Y	Y	
p165_1920x1080.png	PileA	2073600	644676	0.000755	752362	0.001307	644676	0.000755	N	Y	N	N	
p166_1920x1080.png	PileA	2073600	586384	0.000037	556943	0.000124	586384	0.000037	N	Y	N	N	
p167_1920x1080.png	PileA	2073600	614576	0.000000	452563	0.000880	614576	0.000000	N	Y	N	N	
p168_1920x1080.png	PASS	2073600	382327	0.000614	615950	0.000789	382327	0.000614	Y	Y	Y	Y	
p169_1920x1080.png	PileA	2073600	985512	0.000946	1094266	0.001075	985512	0.000946	N	Y	N	N	
p16_480x320.png	PileA	153600	90684	0.001136	100692	0.001276	90684	0.001136	N	Y	N	N	
p170_1920x1080.png	PileA	2073600	919175	0.000045	902056	0.000168	919175	0.000045	N	Y	N	N	
p171_1920x1080.png	PileA	2073600	816901	0.000000	543270	0.002160	816901	0.000000	N	Y	N	N	
p172_1920x1080.png	PileA	2073600	811356	0.000000	647339	0.000452	811356	0.000000	N	Y	N	N	
p173_1920x1080.png	PASS	2073600	664076	0.000891	837756	0.001048	664076	0.000891	Y	Y	Y	Y	
p174_1920x1080.png	PileA	2073600	1246390	0.001199	1262596	0.001580	1246390	0.001199	N	Y	N	N	
p175_1920x1080.png	PileA	2073600	917795	0.000000	523233	0.001966	917795	0.000000	N	Y	N	N	
p176_1920x1080.png	PASS	2073600	789085	0.002832	998980	0.003493	789085	0.002832	Y	Y	Y	Y	
p177_1920x1080.png	PileA	2073600	762424	0.000058	782341	0.000207	762424	0.000058	N	Y	N	N	
p178_1920x1080.png	PileB	2073600	665144	0.003937	933197	0.002275	665144	0.003937	Y	N	N	N	
p179_1920x1080.png	PASS	2073600	314218	0.000342	460686	0.000356	314218	0.000342	Y	Y	Y	Y	
p17_480x320.png	PileC	153600	70622	0.001875	80667	0.001572	70622	0.001875	N	N	N	N	
p180_2400x1600.png	PASS	3840000	575222	0.005838	874923	0.007186	575222	0.005838	Y	Y	Y	Y	
p181_2400x1600.png	PileC	3840000	715362	0.004992	871705	0.004865	715362	0.004992	N	N	N	N	
p182_2400x1600.png	PileA	3840000	1448123	0.000000	872395	0.005048	1448123	0.000000	N	Y	N	N	
p183_2400x1600.png	PileA	3840000	1510513	0.000000	946607	0.008400	1510513	0.000000	N	Y	N	N	
p184_2400x1600.png	PASS	3840000	684038	0.003804	930943	0.003863	684038	0.003804	Y	Y	Y	Y	
p185_2400x1600.png	PileA	3840000	1259215	0.000000	846782	0.010896	1259215	0.000000	N	Y	N	N	
p186_2400x1600.png	PASS	3840000	721773	0.004110	1135984	0.004292	721773	0.004110	Y	Y	Y	Y	
p187_2400x1600.png	PileA	3840000	1193124	0.001426	1234609	0.001449	1193124	0.001426	N	Y	N	N	
p188_2400x1600.png	PileA	3840000	1362884	0.000908	1375445	0.001064	1362884	0.000908	N	Y	N	N	
p189_2400x1600.png	PileC	3840000	1737073	0.000971	1802278	0.000757	1737073	0.000971	N	N	N	N	
p18_480x320.png	PileC	153600	90441	0.001589	102262	0.001434	90441	0.001589	N	N	N	N	
p190_2400x1600.png	PileA	3840000	1545348	0.000681	1580025	0.000878	1545348	0.000681	N	Y	N	N	
p191_2400x1600.png	PileA	3840000	1152148	0.001179	1275620	0.002186	1152148	0.001179	N	Y	N	N	
p192_2400x1600.png	PileA	3840000	2097172	0.001104	2284218	0.001257	2097172	0.001104	N	Y	N	N	
p193_2400x1600.png	PileA	3840000	1666732	0.001054	1749527	0.001110	1666732	0.001054	N	Y	N	N	
p194_2400x1600.png	PileA	3840000	2141245	0.000848	2201631	0.001191	2141245	0.000848	N	Y	N	N	
p195_2400x1600.png	PileA	3840000	1447241	0.001348	1474376	0.001965	1447241	0.001348	N	Y	N	N	
p196_2400x1600.png	PileC	3840000	2295499	0.001748	2507911	0.001742	2295499	0.001748	N	Y	N	N	
p197_2400x1600.png	PileC	3840000	1749433	0.003264	1671726	0.002797	1749433	0.003264	N	N	N	N	
p198_2400x1600.png	PileC	3840000	1600202	0.003152	1715226	0.002368	1600202	0.003152	N	N	N	N	
p199_2400x1600.png	PileA	3840000	1168812	0.001138	1360975	0.001210	1168812	0.001138	N	Y	N	N	
p19_480x320.png	PileB	153600	56778	0.000994	71814	0.000991	56778	0.000994	Y	Y	Y	Y	
p1_480x320.png	PileC	153600	54196	0.002996	61574	0.002772	54196	0.002996	N	N	N	N	
p200_2400x1600.png	PileA	3840000	1438284	0.011405	1479703	0.013321	1438284	0.011405	N	Y	N	N	
p201_2400x1600.png	PileA	3840000	2492020	0.000251	2817427	0.000473	2492020	0.000251	N	Y	N	N	
p202_2400x1600.png	PileA	3840000	1211415	0.000000	1060846	0.000835	1211415	0.000000	N	Y	N	N	
p203_2400x1600.png	PileA	3840000	1292871	0.000000	876934	0.001673	1292871	0.000000	N	Y	N	N	
p204_2400x1600.png	PileA	3840000	1479957	0.001305	1829505	0.001494	1479957	0.001305	N	Y	N	N	
p205_2400x1600.png	PileA	3840000	2336891	0.000260	2442670	0.000400	2336891	0.000260	N	Y	N	N	
p206_2400x1600.png	PileA	3840000	1471452	0.001006	1595194	0.001473	1471452	0.001006	N	Y	N	N	
p207_2400x1600.png	PileC	3840000	2565555	0.002167	2520174	0.001473	2565555	0.002167	N	N	N	N	
p208_2400x1600.png	PileA	3840000	2564972	0.000754	2669600	0.001195	2564972	0.000754	N	Y	N	N	
p209_2400x1600.png	PileB	3840000	674236	0.004155	1142751	0.002959	674236	0.004155	Y	N	N	N	
p20_480x320.png	PileA	153600	70196	0.007693	85379	0.008490	70196	0.007693	N	Y	N	N	
p210_2400x1600.png	PileA	3840000	844212	0.000011	759432	0.000637	844212	0.000011	N	Y	N	N	
p211_2400x1600.png	PileA	3840000	2485267	0.000228	2589313	0.000423	2485267	0.000228	N	Y	N	N	
p212_2400x1600.png	PASS	3840000	1053430	0.004248	1336405	0.006293	1053430	0.004248	Y	Y	Y	Y	
p213_2400x1600.png	PASS	3840000	1630337	0.007259	2040118	0.008361	1630337	0.007259	Y	Y	Y	Y	
p214_2400x1600.png	PileA	3840000	2002396	0.000000	1098013	0.002845	2002396	0.000000	N	Y	N	N	
p215_2400x1600.png	PileA	3840000	1277809	0.000340	1462962	0.000592	1277809	0.000340	N	Y	N	N	
p216_2400x1600.png	PileA	3840000	1051207	0.000634	1176646	0.000885	1051207	0.000634	N	Y	N	N	
p217_2400x1600.png	PileA	3840000	1221712	0.000886	1366268	0.001138	1221712	0.000886	N	Y	N	N	
p218_2400x1600.png	PileA	3840000	610220	0.000000	624499	0.000546	610220	0.000000	N	Y	N	N	
p219_2400x1600.png	PileA	3840000	1662225	0.000635	1779963	0.000987	1662225	0.000635	N	Y	N	N	
p21_480x320.png	PASS	153600	96181	0.000184	122600	0.000264	96181	0.000184	Y	Y	Y	Y	
p220_2400x1600.png	PASS	3840000	881262	0.001931	1397664	0.002440	881262	0.001931	Y	Y	Y	Y	
p221_2400x1600.png	PileB	3840000	688662	0.001812	1133522	0.001751	688662	0.001812	Y	N	N	N	
p222_2400x1600.png	PileA	3840000	1216100	0.000004	1146888	0.000220	1216100	0.000004	N	Y	N	N	
p223_2400x1600.png	PileA	3840000	902585	0.000092	699818	0.000460	902585	0.000092	N	Y	N	N	
p224_2400x1600.png	PileB	3840000	987075	0.001008	1292086	0.000994	987075	0.001008	Y	N	N	N	
p225_2400x1600.png	PileA	3840000	1263180	0.000870	1372896	0.001609	1263180	0.000870	N	Y	N	N	
p226_2400x1600.png	PileA	3840000	1105177	0.000005	975612	0.000143	1105177	0.000005	N	Y	N	N	
p227_2400x1600.png	PileA	3840000	1066669	0.000000	869554	0.000944	1066669	0.000000	N	Y	N	N	
p228_2400x1600.png	PASS	3840000	642786	0.000722	1065359	0.000870	642786	0.000722	Y	Y	Y	Y	
p229_2400x1600.png	PileA	3840000	2021074	0.000946	2010159	0.001256	2021074	0.000946	N	Y	N	N	
p22_480x320.png	PASS	153600	43808	0.000546	62576	0.000758	43808	0.000546	Y	Y	Y	Y	
p230_2400x1600.png	PileA	3840000	2024305	0.000013	1832953	0.000189	2024305	0.000013	N	Y	N	N	
p231_2400x1600.png	PileA	3840000	1176213	0.000000	928528	0.002114	1176213	0.000000	N	Y	N	N	
p232_2400x1600.png	PileA	3840000	1304396	0.000000	1131028	0.000485	1304396	0.000000	N	Y	N	N	
p233_2400x1600.png	PileA	3840000	1347595	0.001228	1470089	0.001336	1347595	0.001228	N	Y	N	N	
p234_2400x1600.png	PileA	3840000	2422708	0.001372	2394214	0.001713	2422708	0.001372	N	Y	N	N	
p235_2400x1600.png	PileA	3840000	1481196	0.000000	959827	0.002144	1481196	0.000000	N	Y	N	N	
p236_2400x1600.png	PileA	3840000	1492979	0.002985	1721716	0.004161	1492979	0.002985	N	Y	N	N	
p237_2400x1600.png	PileA	3840000	1488941	0.000028	1384374	0.000309	1488941	0.000028	N	Y	N	N	
p238_2400x1600.png	PileB	3840000	1128779	0.004378	1681644	0.003200	1128779	0.004378	Y	N	N	N	
p239_2400x1600.png	PileA	3840000	874184	0.000000	730406	0.000390	874184	0.000000	N	Y	N	N	
p23_480x320.png	PASS	153600	32419	0.001099	42052	0.001122	32419	0.001099	Y	Y	Y	Y	
p240_3840x2560.png	PileA	9830400	1912846	0.004963	2083425	0.007742	3621017	0.000000	N	Y	N	N	
p241_3840x2560.png	PileA	9830400	1981709	0.005004	1968595	0.005888	3860066	0.000000	N	Y	N	N	
p242_3840x2560.png	PileA	9830400	1884299	0.004402	2084698	0.005684	3371243	0.000000	N	Y	N	N	
p243_3840x2560.png	PileA	9830400	1875815	0.007155	2234043	0.009195	3474685	0.000000	N	Y	N	N	
p244_3840x2560.png	PASS	9830400	1820164	0.004563	2300418	0.004580	1820164	0.004563	Y	Y	Y	Y	
p245_3840x2560.png	PileA	9830400	1561897	0.008299	1990567	0.011483	2735500	0.000000	Y	Y	Y	N	
p246_3840x2560.png	PileA	9830400	2383359	0.004750	2711119	0.004794	4464587	0.000000	N	Y	N	N	
p247_3840x2560.png	PileC	9830400	3063193	0.001869	2934388	0.001866	3063193	0.001869	N	Y	N	N	
p248_3840x2560.png	PileA	9830400	3627819	0.001217	3348938	0.001399	3627819	0.001217	N	Y	N	N	
p249_3840x2560.png	PileC	9830400	4122672	0.000891	4016187	0.000856	4122672	0.000891	N	N	N	N	
p24_480x320.png	PileA	153600	95179	0.000211	108411	0.000296	95179	0.000211	N	Y	N	N	
p250_3840x2560.png	PileA	9830400	3618536	0.000707	3287808	0.000997	3618536	0.000707	N	Y	N	N	
p251_3840x2560.png	PileA	9830400	2509134	0.001709	2779940	0.003317	2509134	0.001709	N	Y	N	N	
p252_3840x2560.png	PileA	9830400	5627401	0.001139	5018616	0.001534	5627401	0.001139	N	Y	N	N	
p253_3840x2560.png	PileA	9830400	3661238	0.001259	3780511	0.001409	3661238	0.001259	N	Y	N	N	
p254_3840x2560.png	PileA	9830400	4821293	0.001148	4725197	0.001509	4821293	0.001148	N	Y	N	N	
p255_3840x2560.png	PileA	9830400	3364389	0.001806	3238798	0.002362	3364389	0.001806	N	Y	N	N	
p256_3840x2560.png	PileA	9830400	6082490	0.001776	5555680	0.001977	6082490	0.001776	N	Y	N	N	
p257_3840x2560.png	PileC	9830400	3953649	0.003792	3736202	0.002997	3953649	0.003792	N	N	N	N	
p258_3840x2560.png	PileC	9830400	3641697	0.004270	3872527	0.002767	3641697	0.004270	N	N	N	N	
p259_3840x2560.png	PileC	9830400	2820287	0.001369	3159465	0.001352	2820287	0.001369	N	N	N	N	
p25_480x320.png	PASS	153600	63248	0.000213	90175	0.000261	63248	0.000213	Y	Y	Y	Y	
p260_3840x2560.png	PileA	9830400	3268641	0.015338	3153465	0.018367	3268641	0.015338	N	Y	N	N	
p261_3840x2560.png	PileA	9830400	6362310	0.000305	6928009	0.000548	6362310	0.000305	N	Y	N	N	
p262_3840x2560.png	PileA	9830400	2057047	0.000327	2208078	0.000747	2831536	0.000000	N	Y	N	N	
p263_3840x2560.png	PileA	9830400	2003813	0.001508	1907790	0.001840	2787655	0.000000	N	Y	N	N	
p264_3840x2560.png	PileC	9830400	3346557	0.002252	4048658	0.002014	3346557	0.002252	N	N	N	N	
p265_3840x2560.png	PileA	9830400	5986741	0.000294	6095883	0.000481	5986741	0.000294	N	Y	N	N	
p266_3840x2560.png	PileA	9830400	3370308	0.001322	3551717	0.001636	3370308	0.001322	N	Y	N	N	
p267_3840x2560.png	PileC	9830400	6269826	0.002985	5691208	0.002054	6269826	0.002985	N	N	N	N	
p268_3840x2560.png	PileA	9830400	6524330	0.000927	6575059	0.001378	6524330	0.000927	N	Y	N	N	
p269_3840x2560.png	PileA	9830400	1962864	0.004678	2558661	0.003334	3062586	0.000000	Y	N	N	N	
p26_480x320.png	PileA	153600	63924	0.000953	75099	0.001212	63924	0.000953	N	Y	N	N	
p270_3840x2560.png	PileA	9830400	1860066	0.000017	1620169	0.000789	1860066	0.000017	N	Y	N	N	
p271_3840x2560.png	PileA	9830400	5964231	0.000318	6056942	0.000523	5964231	0.000318	N	Y	N	N	
p272_3840x2560.png	PileA	9830400	2936358	0.005007	3359693	0.006158	2936358	0.005007	N	Y	N	N	
p273_3840x2560.png	PileA	9830400	4553394	0.009007	4585387	0.010661	4553394	0.009007	N	Y	N	N	
p274_3840x2560.png	PileA	9830400	1862494	0.007266	2502418	0.003084	4117965	0.000000	Y	N	N	N	
p275_3840x2560.png	PileA	9830400	3285879	0.000382	3467044	0.000678	3285879	0.000382	N	Y	N	N	
p276_3840x2560.png	PileA	9830400	2347783	0.000879	2512588	0.001056	2347783	0.000879	N	Y	N	N	
p277_3840x2560.png	PileA	9830400	3046072	0.000794	2735821	0.001060	3349989	0.000000	N	Y	N	N	
p278_3840x2560.png	PileA	9830400	1156563	0.000540	1416020	0.000630	1189971	0.000000	N	Y	N	N	
p279_3840x2560.png	PileA	9830400	4658087	0.000775	4584044	0.001206	4658087	0.000775	N	Y	N	N	
p27_480x320.png	PileC	153600	102666	0.001359	117337	0.000779	102666	0.001359	N	N	N	N	
p280_3840x2560.png	PileA	9830400	2813635	0.002663	3193108	0.002931	4239486	0.000000	N	Y	N	N	
p281_3840x2560.png	PileA	9830400	2223199	0.001775	2568607	0.001942	3780901	0.000000	N	Y	N	N	
p282_3840x2560.png	PileA	9830400	2632509	0.000008	2310666	0.000305	2632509	0.000008	N	Y	N	N	
p283_3840x2560.png	PileA	9830400	2094937	0.000105	1384038	0.000630	2305125	0.000000	N	Y	N	N	
p284_3840x2560.png	PileB	9830400	2140585	0.001207	2937743	0.001061	2140585	0.001207	Y	N	N	N	
p285_3840x2560.png	PileA	9830400	2939392	0.001134	3065909	0.001858	2939392	0.001134	N	Y	N	N	
p286_3840x2560.png	PileA	9830400	2571289	0.000005	2111834	0.000159	2571289	0.000005	N	Y	N	N	
p287_3840x2560.png	PileA	9830400	1975888	0.000963	2126479	0.001061	2629124	0.000000	N	Y	N	N	
p288_3840x2560.png	PASS	9830400	1371451	0.000945	2223292	0.000975	1371451	0.000945	Y	Y	Y	Y	
p289_3840x2560.png	PileA	9830400	5304474	0.001006	4966272	0.001340	5304474	0.001006	N	Y	N	N	
p28_480x320.png	PileA	153600	102845	0.000550	111664	0.000808	102845	0.000550	N	Y	N	N	
p290_3840x2560.png	PileA	9830400	5862928	0.000016	5218855	0.000230	5862928	0.000016	N	Y	N	N	
p291_3840x2560.png	PileA	9830400	1542821	0.002353	1993711	0.002458	1945364	0.000000	Y	Y	Y	N	
p292_3840x2560.png	PileA	9830400	2149476	0.000000	2235569	0.000489	2149476	0.000000	N	Y	N	N	
p293_3840x2560.png	PileA	9830400	3009595	0.001546	3187205	0.001613	3009595	0.001546	N	Y	N	N	
p294_3840x2560.png	PileA	9830400	6734014	0.001423	6140461	0.001967	6734014	0.001423	N	Y	N	N	
p295_3840x2560.png	PileA	9830400	1641534	0.002486	2287400	0.002076	3233455	0.000000	Y	N	N	N	
p296_3840x2560.png	PileA	9830400	3323408	0.003930	3705815	0.005163	3323408	0.003930	N	Y	N	N	
p297_3840x2560.png	PileA	9830400	3168480	0.000043	2787545	0.000452	3168480	0.000043	N	Y	N	N	
p298_3840x2560.png	PileB	9830400	2941435	0.004337	3710544	0.004291	2941435	0.004337	Y	N	N	N	
p299_3840x2560.png	PileA	9830400	1550255	0.000299	1429089	0.000436	1694471	0.000000	N	Y	N	N	
p29_480x320.png	PileB	153600	47680	0.002414	66800	0.001656	47680	0.002414	Y	N	N	N	
p2_480x320.png	PASS	153600	41444	0.003141	54677	0.003760	41444	0.003141	Y	Y	Y	Y	
p30_480x320.png	PileA	153600	29540	0.000121	28838	0.000928	29540	0.000121	N	Y	N	N	
p31_480x320.png	PileA	153600	98171	0.000161	113271	0.000244	98171	0.000161	N	Y	N	N	
p32_480x320.png	PileA	153600	60687	0.002291	73893	0.002654	60687	0.002291	N	Y	N	N	
p33_480x320.png	PileA	153600	96745	0.003925	110748	0.004561	96745	0.003925	N	Y	N	N	
p34_480x320.png	PileB	153600	48707	0.004352	63502	0.002398	48707	0.004352	Y	N	N	N	
p35_480x320.png	PileA	153600	67779	0.000253	84492	0.000300	67779	0.000253	N	Y	N	N	
p36_480x320.png	PileA	153600	57213	0.000486	70164	0.000613	57213	0.000486	N	Y	N	N	
p37_480x320.png	PASS	153600	43717	0.000725	59744	0.000907	43717	0.000725	Y	Y	Y	Y	
p38_480x320.png	PASS	153600	26717	0.000385	40954	0.000393	26717	0.000385	Y	Y	Y	Y	
p39_480x320.png	PileA	153600	78710	0.000430	86606	0.000540	78710	0.000430	N	Y	N	N	
p3_480x320.png	PASS	153600	40825	0.005254	54748	0.005903	40825	0.005254	Y	Y	Y	Y	
p400_sm_380x260.png	PileA	98800	34045	0.002877	39784	0.004576	34045	0.002877	N	Y	N	N	
p401_sm_460x320.png	PileA	147200	51791	0.002731	59202	0.002984	51791	0.002731	N	Y	N	N	
p402_sm_540x380.png	PASS	205200	50703	0.003224	69489	0.003579	50703	0.003224	Y	Y	Y	Y	
p403_sm_620x200.png	PASS	124000	33199	0.002733	47203	0.003618	33199	0.002733	Y	Y	Y	Y	
p404_sm_300x260.png	PASS	78000	25492	0.001789	31982	0.002714	25492	0.001789	Y	Y	Y	Y	
p405_sm_380x320.png	PASS	121600	29726	0.007307	42507	0.007468	29726	0.007307	Y	Y	Y	Y	
p406_sm_460x380.png	PileA	174800	65560	0.001864	77122	0.002330	65560	0.001864	N	Y	N	N	
p407_sm_540x200.png	PileA	108000	46849	0.000760	52976	0.000763	46849	0.000760	N	Y	N	N	
p408_sm_620x260.png	PileA	161200	63584	0.000524	75204	0.000771	63584	0.000524	N	Y	N	N	
p409_sm_300x320.png	PileC	96000	43255	0.000593	48241	0.000544	43255	0.000593	N	N	N	N	
p40_480x320.png	PileA	153600	71012	0.000588	86195	0.000891	71012	0.000588	N	Y	N	N	
p410_sm_380x380.png	PileA	144400	46503	0.000460	56607	0.000571	46503	0.000460	N	Y	N	N	
p411_sm_460x200.png	PileA	92000	36384	0.000720	43838	0.001123	36384	0.000720	N	Y	N	N	
p412_sm_540x260.png	PileA	140400	70929	0.000731	77017	0.000942	70929	0.000731	N	Y	N	N	
p413_sm_620x320.png	PileA	198400	84322	0.000436	98291	0.000590	84322	0.000436	N	Y	N	N	
p414_sm_300x380.png	PileA	114000	82779	0.000589	89178	0.000786	82779	0.000589	N	Y	N	N	
p415_sm_380x200.png	PASS	76000	26528	0.000624	33702	0.000754	26528	0.000624	Y	Y	Y	Y	
p416_sm_460x260.png	PileA	119600	73028	0.000993	80765	0.001151	73028	0.000993	N	Y	N	N	
p417_sm_540x320.png	PileC	172800	78710	0.001807	90947	0.001504	78710	0.001807	N	N	N	N	
p418_sm_620x380.png	PileA	235600	138481	0.001424	146028	0.001488	138481	0.001424	N	Y	N	N	
p419_sm_300x200.png	PileA	60000	27673	0.000789	33480	0.000868	27673	0.000789	N	Y	N	N	
p41_480x320.png	PASS	153600	51735	0.001229	70854	0.001276	51735	0.001229	Y	Y	Y	Y	
p420_sm_380x260.png	PileA	98800	49236	0.007764	59096	0.008254	49236	0.007764	N	Y	N	N	
p421_sm_460x320.png	PASS	147200	90362	0.000190	116379	0.000260	90362	0.000190	Y	Y	Y	Y	
p422_sm_540x380.png	PASS	205200	54514	0.000454	79464	0.000849	54514	0.000454	Y	Y	Y	Y	
p423_sm_620x200.png	PASS	124000	28962	0.000962	39234	0.001029	28962	0.000962	Y	Y	Y	Y	
p424_sm_300x260.png	PileA	78000	51362	0.000169	56776	0.000229	51362	0.000169	N	Y	N	N	
p425_sm_380x320.png	PASS	121600	50890	0.000214	71852	0.000280	50890	0.000214	Y	Y	Y	Y	
p426_sm_460x380.png	PileA	174800	72068	0.000883	84334	0.001289	72068	0.000883	N	Y	N	N	
p427_sm_540x200.png	PileC	108000	86278	0.001370	93532	0.000644	86278	0.001370	N	N	N	N	
p428_sm_620x260.png	PileA	161200	123017	0.000383	135607	0.000643	123017	0.000383	N	Y	N	N	
p429_sm_300x320.png	PileB	96000	33994	0.001197	44935	0.000812	33994	0.001197	Y	N	N	N	
p42_480x320.png	PileA	153600	65631	0.000050	61086	0.000140	65631	0.000050	N	Y	N	N	
p430_sm_380x380.png	PileA	144400	29044	0.000136	27030	0.000823	29044	0.000136	N	Y	N	N	
p431_sm_460x200.png	PileA	92000	58485	0.000108	70031	0.000163	58485	0.000108	N	Y	N	N	
p432_sm_540x260.png	PASS	140400	57316	0.002474	73390	0.002987	57316	0.002474	Y	Y	Y	Y	
p433_sm_620x320.png	PASS	198400	109216	0.003897	141230	0.004774	109216	0.003897	Y	Y	Y	Y	
p434_sm_300x380.png	PileB	114000	34235	0.003275	45400	0.001927	34235	0.003275	Y	N	N	N	
p435_sm_380x200.png	PASS	76000	38311	0.000201	49143	0.000257	38311	0.000201	Y	Y	Y	Y	
p436_sm_460x260.png	PileA	119600	45049	0.000477	55435	0.000609	45049	0.000477	N	Y	N	N	
p437_sm_540x320.png	PASS	172800	48573	0.000567	70932	0.000801	48573	0.000567	Y	Y	Y	Y	
p438_sm_620x380.png	PileA	235600	85063	0.000000	58444	0.000412	85063	0.000000	N	Y	N	N	
p439_sm_300x200.png	PileA	60000	34132	0.000355	39866	0.000416	34132	0.000355	N	Y	N	N	
p43_480x320.png	PileA	153600	39373	0.000072	33505	0.000293	39373	0.000072	N	Y	N	N	
p440_sm_380x260.png	PileA	98800	50640	0.000503	61168	0.000796	50640	0.000503	N	Y	N	N	
p441_sm_460x320.png	PASS	147200	50540	0.001181	68651	0.001248	50540	0.001181	Y	Y	Y	Y	
p442_sm_540x380.png	PileA	205200	86661	0.000050	80395	0.000141	86661	0.000050	N	Y	N	N	
p443_sm_620x200.png	PileA	124000	26172	0.000064	22326	0.000248	26172	0.000064	N	Y	N	N	
p444_sm_300x260.png	PASS	78000	34558	0.000751	44133	0.000890	34558	0.000751	Y	Y	Y	Y	
p445_sm_380x320.png	PileA	121600	41966	0.000657	51465	0.001106	41966	0.000657	N	Y	N	N	
p446_sm_460x380.png	PileA	174800	55630	0.000035	53897	0.000095	55630	0.000035	N	Y	N	N	
p447_sm_540x200.png	PASS	108000	22130	0.000562	33626	0.000593	22130	0.000562	Y	Y	Y	Y	
p448_sm_620x260.png	PASS	161200	42703	0.000379	61747	0.000445	42703	0.000379	Y	Y	Y	Y	
p449_sm_300x320.png	PileA	96000	47194	0.000390	55851	0.000456	47194	0.000390	N	Y	N	N	
p44_480x320.png	PASS	153600	61287	0.000756	76719	0.000922	61287	0.000756	Y	Y	Y	Y	
p45_480x320.png	PileA	153600	52108	0.000652	64942	0.001126	52108	0.000652	N	Y	N	N	
p46_480x320.png	PileA	153600	53509	0.000005	47210	0.000090	53509	0.000005	N	Y	N	N	
p47_480x320.png	PASS	153600	33688	0.000740	48125	0.000787	33688	0.000740	Y	Y	Y	Y	
p48_480x320.png	PASS	153600	45300	0.000381	63886	0.000497	45300	0.000381	Y	Y	Y	Y	
p49_480x320.png	PileA	153600	74110	0.000758	88013	0.000847	74110	0.000758	N	Y	N	N	
p4_480x320.png	PASS	153600	41634	0.002102	54224	0.003202	41634	0.002102	Y	Y	Y	Y	
p50_480x320.png	PileA	153600	65110	0.000035	66488	0.000104	65110	0.000035	N	Y	N	N	
p51_480x320.png	PASS	153600	42930	0.000768	57913	0.000800	42930	0.000768	Y	Y	Y	Y	
p52_480x320.png	PASS	153600	38502	0.000350	57339	0.000435	38502	0.000350	Y	Y	Y	Y	
p53_480x320.png	PASS	153600	63570	0.000883	79596	0.000961	63570	0.000883	Y	Y	Y	Y	
p54_480x320.png	PileA	153600	71261	0.001114	82876	0.001144	71261	0.001114	N	Y	N	N	
p55_480x320.png	PileB	153600	33700	0.001811	52608	0.001790	33700	0.001811	Y	N	N	N	
p56_480x320.png	PileA	153600	81873	0.001656	95761	0.002436	81873	0.001656	N	Y	N	N	
p57_480x320.png	PileA	153600	75811	0.000043	75324	0.000158	75811	0.000043	N	Y	N	N	
p58_480x320.png	PileC	153600	67505	0.002917	81261	0.002346	67505	0.002917	N	N	N	N	
p59_480x320.png	PASS	153600	36835	0.000290	52091	0.000309	36835	0.000290	Y	Y	Y	Y	
p5_480x320.png	PASS	153600	36136	0.006866	51296	0.008583	36136	0.006866	Y	Y	Y	Y	
p60_1024x768.png	PASS	786432	151727	0.004375	217158	0.007327	151727	0.004375	Y	Y	Y	Y	
p61_1024x768.png	PileC	786432	196077	0.003371	234630	0.003119	196077	0.003371	N	N	N	N	
p62_1024x768.png	PASS	786432	140766	0.003905	211004	0.004724	140766	0.003905	Y	Y	Y	Y	
p63_1024x768.png	PileB	786432	143186	0.007149	229471	0.006507	143186	0.007149	Y	N	N	N	
p64_1024x768.png	PASS	786432	144134	0.002865	216671	0.003442	144134	0.002865	Y	Y	Y	Y	
p65_1024x768.png	PASS	786432	113145	0.008486	205736	0.008849	113145	0.008486	Y	Y	Y	Y	
p66_1024x768.png	PASS	786432	195258	0.002914	279224	0.003155	195258	0.002914	Y	Y	Y	Y	
p67_1024x768.png	PileB	786432	227074	0.001224	290900	0.001123	227074	0.001224	Y	N	N	N	
p68_1024x768.png	PileA	786432	249267	0.000768	308740	0.000808	249267	0.000768	N	Y	N	N	
p69_1024x768.png	PileC	786432	328513	0.000830	397715	0.000676	328513	0.000830	N	N	N	N	
p6_480x320.png	PileA	153600	59151	0.001598	70827	0.002102	59151	0.001598	N	Y	N	N	
p70_1024x768.png	PileA	786432	280380	0.000607	341997	0.000737	280380	0.000607	N	Y	N	N	
p71_1024x768.png	PASS	786432	248053	0.001024	311504	0.001762	248053	0.001024	Y	Y	Y	Y	
p72_1024x768.png	PileA	786432	449259	0.000703	470158	0.000904	449259	0.000703	N	Y	N	N	
p73_1024x768.png	PileA	786432	330892	0.000506	382491	0.000739	330892	0.000506	N	Y	N	N	
p74_1024x768.png	PileA	786432	507720	0.000679	538102	0.000957	507720	0.000679	N	Y	N	N	
p75_1024x768.png	PileA	786432	265949	0.001170	313180	0.001492	265949	0.001170	N	Y	N	N	
p76_1024x768.png	PileC	786432	454198	0.001436	534251	0.001294	454198	0.001436	N	N	N	N	
p77_1024x768.png	PileC	786432	301982	0.002612	350911	0.002117	301982	0.002612	N	N	N	N	
p78_1024x768.png	PileC	786432	372578	0.002055	416159	0.001696	372578	0.002055	N	N	N	N	
p79_1024x768.png	PASS	786432	213265	0.000926	304398	0.001098	213265	0.000926	Y	Y	Y	Y	
p7_480x320.png	PileC	153600	64611	0.001061	70280	0.000989	64611	0.001061	N	N	N	N	
p80_1024x768.png	PileA	786432	333034	0.008997	385496	0.009618	333034	0.008997	N	Y	N	N	
p81_1024x768.png	PileA	786432	499349	0.000216	607833	0.000328	499349	0.000216	N	Y	N	N	
p82_1024x768.png	PASS	786432	146594	0.000485	233067	0.001274	146594	0.000485	Y	Y	Y	Y	
p83_1024x768.png	PileA	786432	310352	0.000000	187468	0.001322	310352	0.000000	N	Y	N	N	
p84_1024x768.png	PileA	786432	387329	0.000554	464887	0.000658	387329	0.000554	N	Y	N	N	
p85_1024x768.png	PASS	786432	352240	0.000248	469043	0.000355	352240	0.000248	Y	Y	Y	Y	
p86_1024x768.png	PileA	786432	325475	0.000863	362899	0.001391	325475	0.000863	N	Y	N	N	
p87_1024x768.png	PileC	786432	459281	0.001844	558368	0.000985	459281	0.001844	N	N	N	N	
p88_1024x768.png	PileA	786432	515745	0.000582	555329	0.000801	515745	0.000582	N	Y	N	N	
p89_1024x768.png	PileB	786432	190976	0.002582	292903	0.001851	190976	0.002582	Y	N	N	N	
p8_480x320.png	PileA	153600	65693	0.000575	72744	0.000823	65693	0.000575	N	Y	N	N	
p90_1024x768.png	PileA	786432	128413	0.000186	132566	0.001198	128413	0.000186	N	Y	N	N	
p91_1024x768.png	PileA	786432	503523	0.000172	562393	0.000324	503523	0.000172	N	Y	N	N	
p92_1024x768.png	PASS	786432	241520	0.003704	317610	0.004047	241520	0.003704	Y	Y	Y	Y	
p93_1024x768.png	PASS	786432	396498	0.004799	519650	0.006102	396498	0.004799	Y	Y	Y	Y	
p94_1024x768.png	PileB	786432	163833	0.005269	269857	0.002666	163833	0.005269	Y	N	N	N	
p95_1024x768.png	PASS	786432	209820	0.000336	289119	0.000427	209820	0.000336	Y	Y	Y	Y	
p96_1024x768.png	PileA	786432	270284	0.000467	318863	0.000639	270284	0.000467	N	Y	N	N	
p97_1024x768.png	PileA	786432	313105	0.000809	377097	0.001128	313105	0.000809	N	Y	N	N	
p98_1024x768.png	PileA	786432	187207	0.000000	151345	0.000484	187207	0.000000	N	Y	N	N	
p99_1024x768.png	PileA	786432	318993	0.000570	373792	0.000754	318993	0.000570	N	Y	N	N	
p9_480x320.png	PileC	153600	62822	0.000923	78259	0.000610	62822	0.000923	N	N	N	N	
s000_gradient_1084x959.png	PileB	1039556	3604	0.000029	6526	0.000000	3604	0.000029	Y	N	N	N	
s001_gradient_1461x635.png	PileA	927735	2979	0.000000	3288	0.000380	2979	0.000000	N	Y	N	N	
s002_gradient_1592x927.png	PASS	1475784	42850	0.000007	75004	0.000073	42850	0.000007	Y	Y	Y	Y	
s003_gradient_2298x2088.png	PileB	4798224	10031	0.000020	23975	0.000000	10031	0.000020	Y	N	N	N	
s004_gradient_1546x574.png	PileA	887404	2643	0.000000	2925	0.000058	2643	0.000000	N	Y	N	N	
s005_gradient_1267x606.png	PileA	767802	43020	0.000022	51833	0.000091	43020	0.000022	N	Y	N	N	
s006_gradient_1306x1113.png	PileB	1453578	3668	0.000001	8292	0.000000	3668	0.000001	Y	Y	Y	Y	
s007_gradient_575x1620.png	PASS	931500	4446	0.000033	6558	0.000219	4446	0.000033	Y	Y	Y	Y	
s008_gradient_851x1764.png	PASS	1501164	38521	0.000002	64993	0.000052	38521	0.000002	Y	Y	Y	Y	
s009_gradient_782x748.png	PileB	584936	2499	0.000021	4104	0.000000	2499	0.000021	Y	N	N	N	
s010_gradient_1689x1549.png	PileB	2616261	6325	0.000028	13982	0.000000	6325	0.000028	Y	N	N	N	
s011_gradient_2345x2127.png	PASS	4987815	124343	0.000000	191227	0.000185	124343	0.000000	Y	Y	Y	Y	
s012_gradient_2267x2091.png	PASS	4740297	9780	0.000000	23623	0.000000	9780	0.000000	Y	Y	Y	Y	
s013_gradient_738x576.png	PASS	425088	2292	0.000000	3262	0.000000	2292	0.000000	Y	Y	Y	Y	
s014_gradient_1019x1768.png	PASS	1801592	75762	0.000032	126419	0.000069	75762	0.000032	Y	Y	Y	Y	
s015_gradient_1880x2181.png	PileB	4100280	9418	0.000035	21275	0.000000	9418	0.000035	Y	N	N	N	
s016_gradient_1081x1662.png	PASS	1796622	5414	0.000032	9687	0.000091	5414	0.000032	Y	Y	Y	Y	
s017_gradient_1023x1665.png	PASS	1703295	60623	0.000021	86722	0.000519	60623	0.000021	Y	Y	Y	Y	
s018_gradient_1722x675.png	PASS	1162350	2967	0.000000	6281	0.000000	2967	0.000000	Y	Y	Y	Y	
s019_gradient_2029x1022.png	PASS	2073638	4327	0.000000	10584	0.000000	4327	0.000000	Y	Y	Y	Y	
s020_gradient_1779x874.png	PASS	1554846	62486	0.000030	105710	0.000088	62486	0.000030	Y	Y	Y	Y	
s021_gradient_1369x1631.png	PASS	2232839	6225	0.000000	12595	0.000000	6225	0.000000	Y	Y	Y	Y	
s022_gradient_1285x532.png	PileA	683620	2516	0.000019	2571	0.000037	2516	0.000019	N	Y	N	N	
s023_gradient_995x1142.png	PASS	1136290	43671	0.000016	72311	0.000164	43671	0.000016	Y	Y	Y	Y	
s024_gradient_818x1299.png	PileB	1062582	4192	0.000022	7425	0.000000	4192	0.000022	Y	N	N	N	
s025_noise_400x300.png	PileA	120000	115197	0.000140	119618	0.000212	115197	0.000140	N	Y	N	N	
s026_noise_500x380.png	PileA	190000	188341	0.000256	188431	0.000457	188341	0.000256	N	Y	N	N	
s027_noise_600x460.png	PileA	276000	273738	0.000426	273000	0.000749	273738	0.000426	N	Y	N	N	
s028_noise_700x540.png	PileA	378000	374819	0.000632	373261	0.001101	374819	0.000632	N	Y	N	N	
s029_noise_800x620.png	PileA	496000	443549	0.001346	489387	0.001488	443549	0.001346	N	Y	N	N	
s030_noise_900x700.png	PileA	630000	562641	0.001749	621758	0.001920	562641	0.001749	N	Y	N	N	
s031_noise_1000x780.png	PileA	780000	697621	0.002218	770535	0.002315	697621	0.002218	N	Y	N	N	
s032_noise_1100x860.png	PileA	946000	847065	0.002724	935786	0.002729	847065	0.002724	N	Y	N	N	
s033_noise_1200x940.png	PileC	1128000	1010932	0.003145	1118644	0.003039	1010932	0.003145	N	N	N	N	
s034_noise_1300x1020.png	PileC	1326000	1188122	0.003622	1317528	0.003223	1188122	0.003622	N	N	N	N	
s035_noise_1400x1100.png	PileC	1540000	1381717	0.003931	1532886	0.003360	1381717	0.003931	N	N	N	N	
s036_noise_1500x1180.png	PileC	1770000	1590795	0.004274	1764860	0.003411	1590795	0.004274	N	N	N	N	
s037_noise_1600x1260.png	PileC	2016000	1812035	0.004423	2014224	0.003393	1812035	0.004423	N	N	N	N	
s038_noise_1700x1340.png	PileC	2278000	2048487	0.004539	2279270	0.003326	2048487	0.004539	N	N	N	N	
s039_noise_1800x1420.png	PileC	2556000	2298440	0.004480	2558581	0.003319	2298440	0.004480	N	N	N	N	
s040_stripes_p2.png	PileA	250000	197	0.000000	197	0.000000	197	0.000000	N	Y	N	N	
s041_stripes_p5.png	PileA	250000	203	0.000000	203	0.000000	203	0.000000	N	Y	N	N	
s042_stripes_p8.png	PileA	250000	195	0.000000	195	0.000000	195	0.000000	N	Y	N	N	
s043_stripes_p11.png	PileA	250000	209	0.000000	209	0.000000	209	0.000000	N	Y	N	N	
s044_stripes_p14.png	PileA	250000	204	0.000000	203	0.000000	204	0.000000	N	Y	N	N	
s045_stripes_p17.png	PileA	250000	213	0.000000	213	0.000000	213	0.000000	N	Y	N	N	
s046_stripes_p20.png	PileA	250000	199	0.000000	199	0.000000	199	0.000000	N	Y	N	N	
s047_stripes_p23.png	PileA	250000	215	0.000000	215	0.000000	215	0.000000	N	Y	N	N	
s048_stripes_p26.png	PileA	250000	207	0.000000	207	0.000000	207	0.000000	N	Y	N	N	
s049_stripes_p29.png	PileA	250000	219	0.000000	219	0.000000	219	0.000000	N	Y	N	N	
s050_stripes_p32.png	PASS	250000	147	0.000000	200	0.000000	147	0.000000	Y	Y	Y	Y	
s051_stripes_p35.png	PileA	250000	221	0.000000	220	0.000000	221	0.000000	N	Y	N	N	
s052_stripes_p38.png	PileA	250000	209	0.000000	209	0.000000	209	0.000000	N	Y	N	N	
s053_stripes_p41.png	PileA	250000	219	0.000000	219	0.000000	219	0.000000	N	Y	N	N	
s054_stripes_p44.png	PileA	250000	203	0.000000	203	0.000000	203	0.000000	N	Y	N	N	
s055_solid.png	PileA	30000	98	0.000000	98	0.000000	98	0.000000	N	Y	N	N	
s056_solid.png	PileA	45000	99	0.000000	100	0.000000	99	0.000000	N	Y	N	N	
s057_solid.png	PileA	63000	103	0.000000	103	0.000000	103	0.000000	N	Y	N	N	
s058_solid.png	PileA	84000	105	0.000000	105	0.000000	105	0.000000	N	Y	N	N	
s059_solid.png	PileA	108000	108	0.000000	108	0.000000	108	0.000000	N	Y	N	N	
s060_solid.png	PileA	135000	111	0.000000	111	0.000000	111	0.000000	N	Y	N	N	
s061_solid.png	PileA	165000	115	0.000000	115	0.000000	115	0.000000	N	Y	N	N	
s062_solid.png	PileA	198000	119	0.000000	119	0.000000	119	0.000000	N	Y	N	N	
s063_solid.png	PileA	234000	122	0.000000	122	0.000000	122	0.000000	N	Y	N	N	
s064_solid.png	PileA	273000	128	0.000000	128	0.000000	128	0.000000	N	Y	N	N	
s065_text.png	PileA	480000	4205	0.000006	3811	0.000009	4205	0.000006	N	Y	N	N	
s066_text.png	PileA	480000	4027	0.000005	3673	0.000008	4027	0.000005	N	Y	N	N	
s067_text.png	PileA	480000	4103	0.000005	3795	0.000008	4103	0.000005	N	Y	N	N	
s068_text.png	PileA	480000	4216	0.000005	3836	0.000007	4216	0.000005	N	Y	N	N	
s069_text.png	PileA	480000	4075	0.000006	3714	0.000009	4075	0.000006	N	Y	N	N	
s070_text.png	PileA	480000	4151	0.000006	3776	0.000008	4151	0.000006	N	Y	N	N	
s071_text.png	PileA	480000	4217	0.000006	3814	0.000008	4217	0.000006	N	Y	N	N	
s072_text.png	PileA	480000	4142	0.000006	3740	0.000008	4142	0.000006	N	Y	N	N	
s073_text.png	PileA	480000	4174	0.000005	3882	0.000007	4174	0.000005	N	Y	N	N	
s074_text.png	PileA	480000	4163	0.000006	3872	0.000007	4163	0.000006	N	Y	N	N	
s075_text.png	PileA	480000	4300	0.000005	3882	0.000007	4300	0.000005	N	Y	N	N	
s076_text.png	PileA	480000	4058	0.000007	3730	0.000008	4058	0.000007	N	Y	N	N	
s077_text.png	PileA	480000	4163	0.000006	3884	0.000007	4163	0.000006	N	Y	N	N	
s078_text.png	PileA	480000	4270	0.000006	3899	0.000008	4270	0.000006	N	Y	N	N	
s079_text.png	PileA	480000	4121	0.000005	3791	0.000008	4121	0.000005	N	Y	N	N	
s080_chart.png	PileA	400000	1061	0.000000	1092	0.000000	1061	0.000000	N	Y	N	N	
s081_chart.png	PileA	450000	1206	0.000000	1402	0.000000	1206	0.000000	N	Y	N	N	
s082_chart.png	PileA	500000	1194	0.000000	1249	0.000000	1194	0.000000	N	Y	N	N	
s083_chart.png	PASS	550000	1264	0.000000	1883	0.000000	1264	0.000000	Y	Y	Y	Y	
s084_chart.png	PASS	600000	1165	0.000000	1569	0.000000	1165	0.000000	Y	Y	Y	Y	
s085_trans_circle.png	PileA	160000	715	0.000000	710	0.000000	715	0.000000	N	Y	N	N	
s086_trans_circle.png	PileA	184900	779	0.000000	764	0.000000	779	0.000000	N	Y	N	N	
s087_trans_circle.png	PileA	211600	820	0.000000	810	0.000000	820	0.000000	N	Y	N	N	
s088_trans_circle.png	PileA	240100	864	0.000000	857	0.000000	864	0.000000	N	Y	N	N	
s089_trans_circle.png	PileA	270400	931	0.000000	910	0.000000	931	0.000000	N	Y	N	N	
s090_trans_circle.png	PileA	302500	1012	0.000000	975	0.000000	1012	0.000000	N	Y	N	N	
s091_trans_circle.png	PileA	336400	1067	0.000000	1027	0.000000	1067	0.000000	N	Y	N	N	
s092_trans_circle.png	PileA	372100	1130	0.000000	1125	0.000000	1130	0.000000	N	Y	N	N	
s093_trans_circle.png	PileA	409600	1213	0.000000	1184	0.000000	1213	0.000000	N	Y	N	N	
s094_trans_circle.png	PileA	448900	1272	0.000000	1244	0.000000	1272	0.000000	N	Y	N	N	
s095_sprites.png	PileA	480000	2963	0.000000	3091	0.000000	2963	0.000000	N	Y	N	N	
s096_sprites.png	PileA	540000	2930	0.000000	3037	0.000000	2930	0.000000	N	Y	N	N	
s097_sprites.png	PileA	600000	2910	0.000000	3018	0.000000	2910	0.000000	N	Y	N	N	
s098_sprites.png	PileA	660000	2949	0.000000	3079	0.000000	2949	0.000000	N	Y	N	N	
s099_sprites.png	PileA	720000	2961	0.000000	3089	0.000000	2961	0.000000	N	Y	N	N	
wm00_!-tylewice-wiatrak-windmill-abri-20.png	PileC	7962624	4286399	0.001048	4546861	0.000916	4286399	0.001048	N	N	N	N	
wm01_!MQ_DSF9592-EnhancedAnd2more_fused_.png	PileA	14428568	4022047	0.001463	4153502	0.002061	4022047	0.001463	N	Y	N	N	
wm02_"1930"_Pur_Sang_Type_35_Replica_in_.png	PileA	17997980	8937602	0.000579	8384876	0.007703	9019843	0.000526	N	Y	N	N	
wm03_"A_Justiça"_sculpture_(Leopoldo_de_.png	PileA	22112622	6679323	0.000870	6955915	0.001447	6679323	0.000870	N	Y	N	N	
wm04_"A_Justiça"_sculpture_(Leopoldo_de_.png	PileA	21591270	7357464	0.001096	6960982	0.001122	7357464	0.001096	N	Y	N	N	
wm05_"Access_to_Justice"_by_John_Atkin_(.png	PileA	20704000	10413894	0.002759	9306636	0.002778	10413894	0.002759	N	Y	N	N	
wm06_"Access_to_Justice"_by_John_Atkin_(.png	PileA	22400000	11474796	0.001751	11717157	0.001824	11474796	0.001751	N	Y	N	N	
wm07_"Alte_Post",_Dorfstrasse_9_in_Leuzi.png	PileC	20160000	8847794	0.003054	8423737	0.001865	8847794	0.003054	N	N	N	N	
wm08_"Alter_Löwen"_in_Märstetten_TG.jpg.png	PileA	11760000	5073545	0.001182	4753932	0.001399	5073545	0.001182	N	Y	N	N	
wm09_"Alter_Stern"_in_Siegershausen.jpg.png	PileA	12000000	6049640	0.000857	5388853	0.001062	6069790	0.000868	N	Y	N	N	
wm10_Birds-1310600,_Wainuiomata,_Welling.png	PileC	7736995	4163448	0.002807	3956509	0.002417	4163448	0.002807	N	N	N	N	
wm11_Crested_hawk-eagle_(Nisaetus_cirrha.png	PileA	15103480	7568967	0.001670	7658631	0.002968	7568967	0.001670	N	Y	N	N	
wm12_Little_Egret-1000534,_Dingle_Penins.png	PileA	20155392	8642125	0.002542	7902013	0.002847	8642125	0.002542	N	Y	N	N	
wm13_Little_Egret-1000590,_Dingle_Penins.png	PileC	20155392	12182739	0.001915	11343659	0.001866	12182739	0.001915	N	N	N	N	
wm14_Little_Egret-1000593,_Dingle_Penins.png	PileC	20155392	9921069	0.002516	8916424	0.002288	9921069	0.002516	N	N	N	N	
wm_0_Cat03.png	PileB	1635840	503297	0.001394	660880	0.001258	503297	0.001394	Y	N	N	N	
01-png-transparency-demo.png	b7	480000	36625	0.034110	48295	0.219567	0	0.000000	Y	Y	Y	N	
02-pluto-transparent.png	b7	399424	60789	0.003056	180788	0.018355	0	0.000000	Y	Y	Y	N	
03-wikipedia-logo.png	b7	36600	10135	0.000629	13492	0.131354	0	0.000000	Y	Y	Y	N	
04-photo-portrait.png	b7	960000	434158	0.000808	569959	0.001619	0	0.000000	Y	Y	Y	N	
05-photo-mountain.png	b7	960000	326977	0.003320	434250	0.002231	0	0.000000	Y	N	N	N	
06-photo-landscape.png	b7	1440000	997089	0.000585	1091878	0.000854	0	0.000000	N	Y	N	N	
07-photo-product.png	b7	786432	296363	0.000465	367414	0.000715	0	0.000000	N	Y	N	N	
