fixture	w	h	tiny_size	tiny_dssim	K	d	p	size	dssim	size_ratio	dssim_delta	size_pass	dssim_pass	both_pass
n24_sun.png	1280	1280	392459	0.017567	64	0.0	6	189689	0.030500	0.4833	+0.012933	Y	N	N
n24_sun.png	1280	1280	392459	0.017567	64	0.3	6	189308	0.030563	0.4824	+0.012996	Y	N	N
n24_sun.png	1280	1280	392459	0.017567	64	0.6	6	189614	0.030550	0.4831	+0.012983	Y	N	N
n24_sun.png	1280	1280	392459	0.017567	96	0.0	6	235339	0.025144	0.5997	+0.007577	Y	N	N
n24_sun.png	1280	1280	392459	0.017567	96	0.3	6	234599	0.025215	0.5978	+0.007648	Y	N	N
n24_sun.png	1280	1280	392459	0.017567	96	0.6	6	234786	0.025237	0.5982	+0.007670	Y	N	N
n24_sun.png	1280	1280	392459	0.017567	128	0.0	6	273479	0.022301	0.6968	+0.004735	Y	N	N
n24_sun.png	1280	1280	392459	0.017567	128	0.3	6	272039	0.022377	0.6932	+0.004810	Y	N	N
n24_sun.png	1280	1280	392459	0.017567	128	0.6	6	272108	0.022404	0.6933	+0.004837	Y	N	N
n24_sun.png	1280	1280	392459	0.017567	160	0.0	6	293640	0.019666	0.7482	+0.002099	Y	N	N
n24_sun.png	1280	1280	392459	0.017567	160	0.3	6	297405	0.019714	0.7578	+0.002147	Y	N	N
n24_sun.png	1280	1280	392459	0.017567	160	0.6	6	297542	0.019644	0.7581	+0.002077	Y	N	N
n24_sun.png	1280	1280	392459	0.017567	192	0.0	6	309431	0.017754	0.7884	+0.000187	Y	N	N
n24_sun.png	1280	1280	392459	0.017567	192	0.3	6	313597	0.017848	0.7991	+0.000281	Y	N	N
n24_sun.png	1280	1280	392459	0.017567	192	0.6	6	310722	0.017851	0.7917	+0.000284	Y	N	N
n24_sun.png	1280	1280	392459	0.017567	224	0.0	6	322296	0.015586	0.8212	-0.001981	N	Y	N
n24_sun.png	1280	1280	392459	0.017567	224	0.3	6	320629	0.015654	0.8170	-0.001913	N	Y	N
n24_sun.png	1280	1280	392459	0.017567	224	0.6	6	320506	0.015646	0.8167	-0.001921	N	Y	N
n24_sun.png	1280	1280	392459	0.017567	256	0.0	6	326420	0.014166	0.8317	-0.003401	N	Y	N
n24_sun.png	1280	1280	392459	0.017567	256	0.3	6	321305	0.014194	0.8187	-0.003373	N	Y	N
n24_sun.png	1280	1280	392459	0.017567	256	0.6	6	321407	0.014194	0.8190	-0.003373	N	Y	N
p245_3840x2560.png	3840	2560	1990567	0.011483	64	0.0	6	386559	0.018284	0.1942	+0.006801	Y	N	N
p245_3840x2560.png	3840	2560	1990567	0.011483	64	0.3	6	862352	0.013069	0.4332	+0.001585	Y	N	N
p245_3840x2560.png	3840	2560	1990567	0.011483	64	0.6	6	1304487	0.010115	0.6553	-0.001368	Y	Y	Y
p245_3840x2560.png	3840	2560	1990567	0.011483	96	0.0	6	469860	0.015274	0.2360	+0.003791	Y	N	N
p245_3840x2560.png	3840	2560	1990567	0.011483	96	0.3	6	993434	0.011292	0.4991	-0.000191	Y	Y	Y
p245_3840x2560.png	3840	2560	1990567	0.011483	96	0.6	6	1458033	0.008945	0.7325	-0.002538	Y	Y	Y
p245_3840x2560.png	3840	2560	1990567	0.011483	128	0.0	6	552918	0.013626	0.2778	+0.002143	Y	N	N
p245_3840x2560.png	3840	2560	1990567	0.011483	128	0.3	6	1119543	0.010119	0.5624	-0.001364	Y	Y	Y
p245_3840x2560.png	3840	2560	1990567	0.011483	128	0.6	6	1590237	0.008016	0.7989	-0.003467	Y	Y	Y
p245_3840x2560.png	3840	2560	1990567	0.011483	160	0.0	6	618284	0.012028	0.3106	+0.000545	Y	N	N
p245_3840x2560.png	3840	2560	1990567	0.011483	160	0.3	6	1194429	0.009011	0.6000	-0.002472	Y	Y	Y
p245_3840x2560.png	3840	2560	1990567	0.011483	160	0.6	6	1702196	0.007133	0.8551	-0.004350	N	Y	N
p245_3840x2560.png	3840	2560	1990567	0.011483	192	0.0	6	676711	0.011417	0.3400	-0.000066	Y	Y	Y
p245_3840x2560.png	3840	2560	1990567	0.011483	192	0.3	6	1273125	0.008580	0.6396	-0.002903	Y	Y	Y
p245_3840x2560.png	3840	2560	1990567	0.011483	192	0.6	6	1787997	0.006884	0.8982	-0.004599	N	Y	N
p245_3840x2560.png	3840	2560	1990567	0.011483	224	0.0	6	715845	0.011059	0.3596	-0.000424	Y	Y	Y
p245_3840x2560.png	3840	2560	1990567	0.011483	224	0.3	6	1323911	0.008299	0.6651	-0.003184	Y	Y	Y
p245_3840x2560.png	3840	2560	1990567	0.011483	224	0.6	6	1876967	0.006612	0.9429	-0.004871	N	Y	N
p245_3840x2560.png	3840	2560	1990567	0.011483	256	0.0	6	739219	0.010956	0.3714	-0.000527	Y	Y	Y
p245_3840x2560.png	3840	2560	1990567	0.011483	256	0.3	6	1360601	0.008194	0.6835	-0.003289	Y	Y	Y
p245_3840x2560.png	3840	2560	1990567	0.011483	256	0.6	6	1926154	0.006524	0.9676	-0.004959	N	Y	N
p185_2400x1600.png	2400	1600	846782	0.010896	64	0.0	6	215519	0.018628	0.2545	+0.007731	Y	N	N
p185_2400x1600.png	2400	1600	846782	0.010896	64	0.3	6	395167	0.014290	0.4667	+0.003394	Y	N	N
p185_2400x1600.png	2400	1600	846782	0.010896	64	0.6	6	555195	0.011168	0.6557	+0.000272	Y	N	N
p185_2400x1600.png	2400	1600	846782	0.010896	96	0.0	6	247310	0.014615	0.2921	+0.003718	Y	N	N
p185_2400x1600.png	2400	1600	846782	0.010896	96	0.3	6	459903	0.011402	0.5431	+0.000506	Y	N	N
p185_2400x1600.png	2400	1600	846782	0.010896	96	0.6	6	629923	0.009084	0.7439	-0.001812	Y	Y	Y
p185_2400x1600.png	2400	1600	846782	0.010896	128	0.0	6	274774	0.012373	0.3245	+0.001477	Y	N	N
p185_2400x1600.png	2400	1600	846782	0.010896	128	0.3	6	507391	0.009540	0.5992	-0.001356	Y	Y	Y
p185_2400x1600.png	2400	1600	846782	0.010896	128	0.6	6	691672	0.007688	0.8168	-0.003208	N	Y	N
p185_2400x1600.png	2400	1600	846782	0.010896	160	0.0	6	317183	0.011618	0.3746	+0.000721	Y	N	N
p185_2400x1600.png	2400	1600	846782	0.010896	160	0.3	6	558563	0.009105	0.6596	-0.001791	Y	Y	Y
p185_2400x1600.png	2400	1600	846782	0.010896	160	0.6	6	745513	0.007331	0.8804	-0.003565	N	Y	N
p185_2400x1600.png	2400	1600	846782	0.010896	192	0.0	6	344978	0.010626	0.4074	-0.000270	Y	Y	Y
p185_2400x1600.png	2400	1600	846782	0.010896	192	0.3	6	593172	0.008379	0.7005	-0.002518	Y	Y	Y
p185_2400x1600.png	2400	1600	846782	0.010896	192	0.6	6	784155	0.006741	0.9260	-0.004155	N	Y	N
p185_2400x1600.png	2400	1600	846782	0.010896	224	0.0	6	361730	0.010185	0.4272	-0.000711	Y	Y	Y
p185_2400x1600.png	2400	1600	846782	0.010896	224	0.3	6	615710	0.008122	0.7271	-0.002774	Y	Y	Y
p185_2400x1600.png	2400	1600	846782	0.010896	224	0.6	6	815294	0.006566	0.9628	-0.004330	N	Y	N
p185_2400x1600.png	2400	1600	846782	0.010896	256	0.0	6	380649	0.010086	0.4495	-0.000810	Y	Y	Y
p185_2400x1600.png	2400	1600	846782	0.010896	256	0.3	6	635003	0.008056	0.7499	-0.002841	Y	Y	Y
p185_2400x1600.png	2400	1600	846782	0.010896	256	0.6	6	842955	0.006538	0.9955	-0.004358	N	Y	N
p125_1920x1080.png	1920	1080	477885	0.009766	64	0.0	6	125980	0.017342	0.2636	+0.007576	Y	N	N
p125_1920x1080.png	1920	1080	477885	0.009766	64	0.3	6	125383	0.017305	0.2624	+0.007539	Y	N	N
p125_1920x1080.png	1920	1080	477885	0.009766	64	0.6	6	124847	0.017308	0.2612	+0.007542	Y	N	N
p125_1920x1080.png	1920	1080	477885	0.009766	96	0.0	6	154612	0.013867	0.3235	+0.004101	Y	N	N
p125_1920x1080.png	1920	1080	477885	0.009766	96	0.3	6	152675	0.013833	0.3195	+0.004068	Y	N	N
p125_1920x1080.png	1920	1080	477885	0.009766	96	0.6	6	152858	0.013832	0.3199	+0.004066	Y	N	N
p125_1920x1080.png	1920	1080	477885	0.009766	128	0.0	6	177592	0.012117	0.3716	+0.002351	Y	N	N
p125_1920x1080.png	1920	1080	477885	0.009766	128	0.3	6	175909	0.012078	0.3681	+0.002312	Y	N	N
p125_1920x1080.png	1920	1080	477885	0.009766	128	0.6	6	176160	0.012087	0.3686	+0.002321	Y	N	N
p125_1920x1080.png	1920	1080	477885	0.009766	160	0.0	6	197945	0.011152	0.4142	+0.001386	Y	N	N
p125_1920x1080.png	1920	1080	477885	0.009766	160	0.3	6	196354	0.011173	0.4109	+0.001407	Y	N	N
p125_1920x1080.png	1920	1080	477885	0.009766	160	0.6	6	196023	0.011185	0.4102	+0.001419	Y	N	N
p125_1920x1080.png	1920	1080	477885	0.009766	192	0.0	6	209499	0.010255	0.4384	+0.000489	Y	N	N
p125_1920x1080.png	1920	1080	477885	0.009766	192	0.3	6	206875	0.010290	0.4329	+0.000524	Y	N	N
p125_1920x1080.png	1920	1080	477885	0.009766	192	0.6	6	207637	0.010319	0.4345	+0.000553	Y	N	N
p125_1920x1080.png	1920	1080	477885	0.009766	224	0.0	6	219721	0.010013	0.4598	+0.000247	Y	N	N
p125_1920x1080.png	1920	1080	477885	0.009766	224	0.3	6	217645	0.010050	0.4554	+0.000284	Y	N	N
p125_1920x1080.png	1920	1080	477885	0.009766	224	0.6	6	216829	0.010047	0.4537	+0.000281	Y	N	N
p125_1920x1080.png	1920	1080	477885	0.009766	256	0.0	6	228908	0.009900	0.4790	+0.000134	Y	N	N
p125_1920x1080.png	1920	1080	477885	0.009766	256	0.3	6	226528	0.009925	0.4740	+0.000159	Y	N	N
p125_1920x1080.png	1920	1080	477885	0.009766	256	0.6	6	226285	0.009933	0.4735	+0.000167	Y	N	N
p243_3840x2560.png	3840	2560	2234043	0.009195	64	0.0	6	533720	0.018701	0.2389	+0.009506	Y	N	N
p243_3840x2560.png	3840	2560	2234043	0.009195	64	0.3	6	1042818	0.013197	0.4668	+0.004002	Y	N	N
p243_3840x2560.png	3840	2560	2234043	0.009195	64	0.6	6	1453339	0.009831	0.6505	+0.000636	Y	N	N
p243_3840x2560.png	3840	2560	2234043	0.009195	96	0.0	6	679569	0.014155	0.3042	+0.004960	Y	N	N
p243_3840x2560.png	3840	2560	2234043	0.009195	96	0.3	6	1246006	0.010418	0.5577	+0.001223	Y	N	N
p243_3840x2560.png	3840	2560	2234043	0.009195	96	0.6	6	1682794	0.007882	0.7533	-0.001312	Y	Y	Y
p243_3840x2560.png	3840	2560	2234043	0.009195	128	0.0	6	777929	0.012306	0.3482	+0.003111	Y	N	N
p243_3840x2560.png	3840	2560	2234043	0.009195	128	0.3	6	1381172	0.009317	0.6182	+0.000122	Y	N	N
p243_3840x2560.png	3840	2560	2234043	0.009195	128	0.6	6	1851943	0.007176	0.8290	-0.002019	N	Y	N
p243_3840x2560.png	3840	2560	2234043	0.009195	160	0.0	6	859101	0.010690	0.3845	+0.001495	Y	N	N
p243_3840x2560.png	3840	2560	2234043	0.009195	160	0.3	6	1479243	0.008031	0.6621	-0.001164	Y	Y	Y
p243_3840x2560.png	3840	2560	2234043	0.009195	160	0.6	6	1961295	0.006200	0.8779	-0.002994	N	Y	N
p243_3840x2560.png	3840	2560	2234043	0.009195	192	0.0	6	910980	0.009866	0.4078	+0.000671	Y	N	N
p243_3840x2560.png	3840	2560	2234043	0.009195	192	0.3	6	1561383	0.007490	0.6989	-0.001705	Y	Y	Y
p243_3840x2560.png	3840	2560	2234043	0.009195	192	0.6	6	2045484	0.005808	0.9156	-0.003386	N	Y	N
p243_3840x2560.png	3840	2560	2234043	0.009195	224	0.0	6	964008	0.009317	0.4315	+0.000122	Y	N	N
p243_3840x2560.png	3840	2560	2234043	0.009195	224	0.3	6	1613536	0.007155	0.7222	-0.002040	Y	Y	Y
p243_3840x2560.png	3840	2560	2234043	0.009195	224	0.6	6	2114959	0.005598	0.9467	-0.003596	N	Y	N
p243_3840x2560.png	3840	2560	2234043	0.009195	256	0.0	6	995788	0.008801	0.4457	-0.000394	Y	Y	Y
p243_3840x2560.png	3840	2560	2234043	0.009195	256	0.3	6	1667812	0.006799	0.7465	-0.002395	Y	Y	Y
p243_3840x2560.png	3840	2560	2234043	0.009195	256	0.6	6	2176918	0.005308	0.9744	-0.003887	N	Y	N
p183_2400x1600.png	2400	1600	946607	0.008400	64	0.0	6	283110	0.016321	0.2991	+0.007922	Y	N	N
p183_2400x1600.png	2400	1600	946607	0.008400	64	0.3	6	474757	0.011653	0.5015	+0.003253	Y	N	N
p183_2400x1600.png	2400	1600	946607	0.008400	64	0.6	6	634336	0.008937	0.6701	+0.000538	Y	N	N
p183_2400x1600.png	2400	1600	946607	0.008400	96	0.0	6	348696	0.013274	0.3684	+0.004874	Y	N	N
p183_2400x1600.png	2400	1600	946607	0.008400	96	0.3	6	556531	0.009883	0.5879	+0.001483	Y	N	N
p183_2400x1600.png	2400	1600	946607	0.008400	96	0.6	6	722667	0.007821	0.7634	-0.000579	Y	Y	Y
p183_2400x1600.png	2400	1600	946607	0.008400	128	0.0	6	388671	0.010865	0.4106	+0.002465	Y	N	N
p183_2400x1600.png	2400	1600	946607	0.008400	128	0.3	6	617866	0.008467	0.6527	+0.000067	Y	N	N
p183_2400x1600.png	2400	1600	946607	0.008400	128	0.6	6	795184	0.006694	0.8400	-0.001706	N	Y	N
p183_2400x1600.png	2400	1600	946607	0.008400	160	0.0	6	427390	0.009415	0.4515	+0.001015	Y	N	N
p183_2400x1600.png	2400	1600	946607	0.008400	160	0.3	6	657392	0.007347	0.6945	-0.001053	Y	Y	Y
p183_2400x1600.png	2400	1600	946607	0.008400	160	0.6	6	843447	0.005854	0.8910	-0.002546	N	Y	N
p183_2400x1600.png	2400	1600	946607	0.008400	192	0.0	6	464057	0.008851	0.4902	+0.000451	Y	N	N
p183_2400x1600.png	2400	1600	946607	0.008400	192	0.3	6	698610	0.006906	0.7380	-0.001494	Y	Y	Y
p183_2400x1600.png	2400	1600	946607	0.008400	192	0.6	6	887363	0.005562	0.9374	-0.002838	N	Y	N
p183_2400x1600.png	2400	1600	946607	0.008400	224	0.0	6	475838	0.008289	0.5027	-0.000111	Y	Y	Y
p183_2400x1600.png	2400	1600	946607	0.008400	224	0.3	6	724230	0.006493	0.7651	-0.001907	Y	Y	Y
p183_2400x1600.png	2400	1600	946607	0.008400	224	0.6	6	920033	0.005267	0.9719	-0.003133	N	Y	N
p183_2400x1600.png	2400	1600	946607	0.008400	256	0.0	6	492321	0.008058	0.5201	-0.000342	Y	Y	Y
p183_2400x1600.png	2400	1600	946607	0.008400	256	0.3	6	755480	0.006360	0.7981	-0.002040	Y	Y	Y
p183_2400x1600.png	2400	1600	946607	0.008400	256	0.6	6	956811	0.005162	1.0108	-0.003237	N	Y	N
p240_3840x2560.png	3840	2560	2083425	0.007742	64	0.0	6	554703	0.012336	0.2662	+0.004594	Y	N	N
p240_3840x2560.png	3840	2560	2083425	0.007742	64	0.3	6	1032239	0.008386	0.4955	+0.000644	Y	N	N
p240_3840x2560.png	3840	2560	2083425	0.007742	64	0.6	6	1370475	0.006301	0.6578	-0.001441	Y	Y	Y
p240_3840x2560.png	3840	2560	2083425	0.007742	96	0.0	6	727974	0.008826	0.3494	+0.001084	Y	N	N
p240_3840x2560.png	3840	2560	2083425	0.007742	96	0.3	6	1262291	0.006334	0.6059	-0.001408	Y	Y	Y
p240_3840x2560.png	3840	2560	2083425	0.007742	96	0.6	6	1644337	0.004845	0.7892	-0.002898	Y	Y	Y
p240_3840x2560.png	3840	2560	2083425	0.007742	128	0.0	6	841607	0.007639	0.4040	-0.000104	Y	Y	Y
p240_3840x2560.png	3840	2560	2083425	0.007742	128	0.3	6	1395731	0.005726	0.6699	-0.002016	Y	Y	Y
p240_3840x2560.png	3840	2560	2083425	0.007742	128	0.6	6	1813638	0.004443	0.8705	-0.003300	N	Y	N
p240_3840x2560.png	3840	2560	2083425	0.007742	160	0.0	6	916662	0.007070	0.4400	-0.000673	Y	Y	Y
p240_3840x2560.png	3840	2560	2083425	0.007742	160	0.3	6	1502156	0.005335	0.7210	-0.002408	Y	Y	Y
p240_3840x2560.png	3840	2560	2083425	0.007742	160	0.6	6	1937816	0.004205	0.9301	-0.003537	N	Y	N
p240_3840x2560.png	3840	2560	2083425	0.007742	192	0.0	6	981129	0.006739	0.4709	-0.001003	Y	Y	Y
p240_3840x2560.png	3840	2560	2083425	0.007742	192	0.3	6	1592663	0.005126	0.7644	-0.002616	Y	Y	Y
p240_3840x2560.png	3840	2560	2083425	0.007742	192	0.6	6	2029119	0.004066	0.9739	-0.003676	N	Y	N
p240_3840x2560.png	3840	2560	2083425	0.007742	224	0.0	6	1027431	0.006506	0.4931	-0.001236	Y	Y	Y
p240_3840x2560.png	3840	2560	2083425	0.007742	224	0.3	6	1655478	0.004963	0.7946	-0.002779	Y	Y	Y
p240_3840x2560.png	3840	2560	2083425	0.007742	224	0.6	6	2091222	0.003966	1.0037	-0.003777	N	Y	N
p240_3840x2560.png	3840	2560	2083425	0.007742	256	0.0	6	1074344	0.006346	0.5157	-0.001396	Y	Y	Y
p240_3840x2560.png	3840	2560	2083425	0.007742	256	0.3	6	1707087	0.004855	0.8194	-0.002887	N	Y	N
p240_3840x2560.png	3840	2560	2083425	0.007742	256	0.6	6	2160352	0.003885	1.0369	-0.003858	N	Y	N
p241_3840x2560.png	3840	2560	1968595	0.005888	64	0.0	6	734878	0.010179	0.3733	+0.004291	Y	N	N
p241_3840x2560.png	3840	2560	1968595	0.005888	64	0.3	6	1061171	0.007838	0.5390	+0.001950	Y	N	N
p241_3840x2560.png	3840	2560	1968595	0.005888	64	0.6	6	1352485	0.006398	0.6870	+0.000510	Y	N	N
p241_3840x2560.png	3840	2560	1968595	0.005888	96	0.0	6	947318	0.008661	0.4812	+0.002773	Y	N	N
p241_3840x2560.png	3840	2560	1968595	0.005888	96	0.3	6	1269818	0.006846	0.6450	+0.000958	Y	N	N
p241_3840x2560.png	3840	2560	1968595	0.005888	96	0.6	6	1604385	0.005666	0.8150	-0.000222	N	Y	N
p241_3840x2560.png	3840	2560	1968595	0.005888	128	0.0	6	1070249	0.007539	0.5437	+0.001651	Y	N	N
p241_3840x2560.png	3840	2560	1968595	0.005888	128	0.3	6	1458449	0.006107	0.7409	+0.000219	Y	N	N
p241_3840x2560.png	3840	2560	1968595	0.005888	128	0.6	6	1798821	0.005079	0.9138	-0.000809	N	Y	N
p241_3840x2560.png	3840	2560	1968595	0.005888	160	0.0	6	1150412	0.006808	0.5844	+0.000920	Y	N	N
p241_3840x2560.png	3840	2560	1968595	0.005888	160	0.3	6	1568740	0.005623	0.7969	-0.000265	Y	Y	Y
p241_3840x2560.png	3840	2560	1968595	0.005888	160	0.6	6	1925800	0.004678	0.9783	-0.001210	N	Y	N
p241_3840x2560.png	3840	2560	1968595	0.005888	192	0.0	6	1233585	0.006341	0.6266	+0.000453	Y	N	N
p241_3840x2560.png	3840	2560	1968595	0.005888	192	0.3	6	1663567	0.005241	0.8451	-0.000647	N	Y	N
p241_3840x2560.png	3840	2560	1968595	0.005888	192	0.6	6	2033596	0.004387	1.0330	-0.001501	N	Y	N
p241_3840x2560.png	3840	2560	1968595	0.005888	224	0.0	6	1292462	0.006088	0.6565	+0.000200	Y	N	N
p241_3840x2560.png	3840	2560	1968595	0.005888	224	0.3	6	1712844	0.005004	0.8701	-0.000884	N	Y	N
p241_3840x2560.png	3840	2560	1968595	0.005888	224	0.6	6	2086479	0.004234	1.0599	-0.001654	N	Y	N
p241_3840x2560.png	3840	2560	1968595	0.005888	256	0.0	6	1332648	0.005882	0.6770	-0.000006	Y	Y	Y
p241_3840x2560.png	3840	2560	1968595	0.005888	256	0.3	6	1758664	0.004865	0.8934	-0.001023	N	Y	N
p241_3840x2560.png	3840	2560	1968595	0.005888	256	0.6	6	2164362	0.004113	1.0994	-0.001775	N	Y	N
p242_3840x2560.png	3840	2560	2084698	0.005684	64	0.0	6	575997	0.012387	0.2763	+0.006703	Y	N	N
p242_3840x2560.png	3840	2560	2084698	0.005684	64	0.3	6	1095093	0.008831	0.5253	+0.003147	Y	N	N
p242_3840x2560.png	3840	2560	2084698	0.005684	64	0.6	6	1461698	0.006654	0.7012	+0.000970	Y	N	N
p242_3840x2560.png	3840	2560	2084698	0.005684	96	0.0	6	697434	0.009837	0.3345	+0.004153	Y	N	N
p242_3840x2560.png	3840	2560	2084698	0.005684	96	0.3	6	1267121	0.007120	0.6078	+0.001436	Y	N	N
p242_3840x2560.png	3840	2560	2084698	0.005684	96	0.6	6	1660132	0.005435	0.7963	-0.000249	Y	Y	Y
p242_3840x2560.png	3840	2560	2084698	0.005684	128	0.0	6	773535	0.007954	0.3711	+0.002270	Y	N	N
p242_3840x2560.png	3840	2560	2084698	0.005684	128	0.3	6	1365270	0.005848	0.6549	+0.000164	Y	N	N
p242_3840x2560.png	3840	2560	2084698	0.005684	128	0.6	6	1808879	0.004489	0.8677	-0.001195	N	Y	N
p242_3840x2560.png	3840	2560	2084698	0.005684	160	0.0	6	861676	0.006813	0.4133	+0.001129	Y	N	N
p242_3840x2560.png	3840	2560	2084698	0.005684	160	0.3	6	1474287	0.005088	0.7072	-0.000596	Y	Y	Y
p242_3840x2560.png	3840	2560	2084698	0.005684	160	0.6	6	1931908	0.003942	0.9267	-0.001742	N	Y	N
p242_3840x2560.png	3840	2560	2084698	0.005684	192	0.0	6	951878	0.006233	0.4566	+0.000549	Y	N	N
p242_3840x2560.png	3840	2560	2084698	0.005684	192	0.3	6	1561496	0.004670	0.7490	-0.001014	Y	Y	Y
p242_3840x2560.png	3840	2560	2084698	0.005684	192	0.6	6	2044452	0.003601	0.9807	-0.002082	N	Y	N
p242_3840x2560.png	3840	2560	2084698	0.005684	224	0.0	6	994707	0.005893	0.4771	+0.000209	Y	N	N
p242_3840x2560.png	3840	2560	2084698	0.005684	224	0.3	6	1634322	0.004402	0.7840	-0.001281	Y	Y	Y
p242_3840x2560.png	3840	2560	2084698	0.005684	224	0.6	6	2116500	0.003397	1.0153	-0.002286	N	Y	N
p242_3840x2560.png	3840	2560	2084698	0.005684	256	0.0	6	1025243	0.005725	0.4918	+0.000042	Y	N	N
p242_3840x2560.png	3840	2560	2084698	0.005684	256	0.3	6	1688914	0.004285	0.8101	-0.001399	N	Y	N
p242_3840x2560.png	3840	2560	2084698	0.005684	256	0.6	6	2181090	0.003317	1.0462	-0.002367	N	Y	N
n11_nebula.png	626	639	60684	0.005113	64	0.0	6	30043	0.009971	0.4951	+0.004858	Y	N	N
n11_nebula.png	626	639	60684	0.005113	64	0.3	6	29845	0.009946	0.4918	+0.004833	Y	N	N
n11_nebula.png	626	639	60684	0.005113	64	0.6	6	29750	0.009950	0.4902	+0.004837	Y	N	N
n11_nebula.png	626	639	60684	0.005113	96	0.0	6	35144	0.006861	0.5791	+0.001748	Y	N	N
n11_nebula.png	626	639	60684	0.005113	96	0.3	6	34973	0.006845	0.5763	+0.001732	Y	N	N
n11_nebula.png	626	639	60684	0.005113	96	0.6	6	35026	0.006838	0.5772	+0.001725	Y	N	N
n11_nebula.png	626	639	60684	0.005113	128	0.0	6	38613	0.005893	0.6363	+0.000780	Y	N	N
n11_nebula.png	626	639	60684	0.005113	128	0.3	6	38300	0.005878	0.6311	+0.000765	Y	N	N
n11_nebula.png	626	639	60684	0.005113	128	0.6	6	38553	0.005863	0.6353	+0.000750	Y	N	N
n11_nebula.png	626	639	60684	0.005113	160	0.0	6	41205	0.005255	0.6790	+0.000142	Y	N	N
n11_nebula.png	626	639	60684	0.005113	160	0.3	6	41147	0.005224	0.6781	+0.000111	Y	N	N
n11_nebula.png	626	639	60684	0.005113	160	0.6	6	41304	0.005232	0.6806	+0.000119	Y	N	N
n11_nebula.png	626	639	60684	0.005113	192	0.0	6	43470	0.004783	0.7163	-0.000330	Y	Y	Y
n11_nebula.png	626	639	60684	0.005113	192	0.3	6	43044	0.004761	0.7093	-0.000352	Y	Y	Y
n11_nebula.png	626	639	60684	0.005113	192	0.6	6	43185	0.004751	0.7116	-0.000362	Y	Y	Y
n11_nebula.png	626	639	60684	0.005113	224	0.0	6	45316	0.004521	0.7468	-0.000592	Y	Y	Y
n11_nebula.png	626	639	60684	0.005113	224	0.3	6	44744	0.004495	0.7373	-0.000618	Y	Y	Y
n11_nebula.png	626	639	60684	0.005113	224	0.6	6	45075	0.004477	0.7428	-0.000636	Y	Y	Y
n11_nebula.png	626	639	60684	0.005113	256	0.0	6	45726	0.004353	0.7535	-0.000760	Y	Y	Y
n11_nebula.png	626	639	60684	0.005113	256	0.3	6	45044	0.004302	0.7423	-0.000811	Y	Y	Y
n11_nebula.png	626	639	60684	0.005113	256	0.6	6	45776	0.004311	0.7543	-0.000802	Y	Y	Y
p182_2400x1600.png	2400	1600	872395	0.005048	64	0.0	6	268151	0.010919	0.3074	+0.005871	Y	N	N
p182_2400x1600.png	2400	1600	872395	0.005048	64	0.3	6	470560	0.008100	0.5394	+0.003051	Y	N	N
p182_2400x1600.png	2400	1600	872395	0.005048	64	0.6	6	615945	0.006137	0.7060	+0.001089	Y	N	N
p182_2400x1600.png	2400	1600	872395	0.005048	96	0.0	6	329044	0.008847	0.3772	+0.003799	Y	N	N
p182_2400x1600.png	2400	1600	872395	0.005048	96	0.3	6	548906	0.006857	0.6292	+0.001809	Y	N	N
p182_2400x1600.png	2400	1600	872395	0.005048	96	0.6	6	708271	0.005270	0.8119	+0.000222	N	N	N
p182_2400x1600.png	2400	1600	872395	0.005048	128	0.0	6	379239	0.006998	0.4347	+0.001950	Y	N	N
p182_2400x1600.png	2400	1600	872395	0.005048	128	0.3	6	615887	0.005271	0.7060	+0.000223	Y	N	N
p182_2400x1600.png	2400	1600	872395	0.005048	128	0.6	6	779062	0.004162	0.8930	-0.000887	N	Y	N
p182_2400x1600.png	2400	1600	872395	0.005048	160	0.0	6	437430	0.006020	0.5014	+0.000971	Y	N	N
p182_2400x1600.png	2400	1600	872395	0.005048	160	0.3	6	673169	0.004563	0.7716	-0.000485	Y	Y	Y
p182_2400x1600.png	2400	1600	872395	0.005048	160	0.6	6	834518	0.003642	0.9566	-0.001406	N	Y	N
p182_2400x1600.png	2400	1600	872395	0.005048	192	0.0	6	462620	0.005791	0.5303	+0.000743	Y	N	N
p182_2400x1600.png	2400	1600	872395	0.005048	192	0.3	6	711067	0.004408	0.8151	-0.000641	N	Y	N
p182_2400x1600.png	2400	1600	872395	0.005048	192	0.6	6	881742	0.003535	1.0107	-0.001513	N	Y	N
p182_2400x1600.png	2400	1600	872395	0.005048	224	0.0	6	483615	0.005446	0.5544	+0.000398	Y	N	N
p182_2400x1600.png	2400	1600	872395	0.005048	224	0.3	6	729473	0.004149	0.8362	-0.000899	N	Y	N
p182_2400x1600.png	2400	1600	872395	0.005048	224	0.6	6	918805	0.003340	1.0532	-0.001708	N	Y	N
p182_2400x1600.png	2400	1600	872395	0.005048	256	0.0	6	511252	0.005233	0.5860	+0.000185	Y	N	N
p182_2400x1600.png	2400	1600	872395	0.005048	256	0.3	6	766110	0.003993	0.8782	-0.001056	N	Y	N
p182_2400x1600.png	2400	1600	872395	0.005048	256	0.6	6	944895	0.003220	1.0831	-0.001828	N	Y	N
p246_3840x2560.png	3840	2560	2711119	0.004794	64	0.0	6	836879	0.011965	0.3087	+0.007171	Y	N	N
p246_3840x2560.png	3840	2560	2711119	0.004794	64	0.3	6	1376467	0.009147	0.5077	+0.004352	Y	N	N
p246_3840x2560.png	3840	2560	2711119	0.004794	64	0.6	6	1790550	0.007272	0.6604	+0.002478	Y	N	N
p246_3840x2560.png	3840	2560	2711119	0.004794	96	0.0	6	1028743	0.009348	0.3795	+0.004554	Y	N	N
p246_3840x2560.png	3840	2560	2711119	0.004794	96	0.3	6	1601836	0.007345	0.5908	+0.002551	Y	N	N
p246_3840x2560.png	3840	2560	2711119	0.004794	96	0.6	6	2067511	0.005945	0.7626	+0.001150	Y	N	N
p246_3840x2560.png	3840	2560	2711119	0.004794	128	0.0	6	1164623	0.007938	0.4296	+0.003144	Y	N	N
p246_3840x2560.png	3840	2560	2711119	0.004794	128	0.3	6	1775705	0.006300	0.6550	+0.001506	Y	N	N
p246_3840x2560.png	3840	2560	2711119	0.004794	128	0.6	6	2259292	0.005174	0.8333	+0.000380	N	N	N
p246_3840x2560.png	3840	2560	2711119	0.004794	160	0.0	6	1260973	0.006968	0.4651	+0.002174	Y	N	N
p246_3840x2560.png	3840	2560	2711119	0.004794	160	0.3	6	1909515	0.005525	0.7043	+0.000730	Y	N	N
p246_3840x2560.png	3840	2560	2711119	0.004794	160	0.6	6	2424795	0.004540	0.8944	-0.000254	N	Y	N
p246_3840x2560.png	3840	2560	2711119	0.004794	192	0.0	6	1336549	0.006310	0.4930	+0.001515	Y	N	N
p246_3840x2560.png	3840	2560	2711119	0.004794	192	0.3	6	1988056	0.005057	0.7333	+0.000263	Y	N	N
p246_3840x2560.png	3840	2560	2711119	0.004794	192	0.6	6	2546353	0.004169	0.9392	-0.000625	N	Y	N
p246_3840x2560.png	3840	2560	2711119	0.004794	224	0.0	6	1393166	0.005909	0.5139	+0.001115	Y	N	N
p246_3840x2560.png	3840	2560	2711119	0.004794	224	0.3	6	2081231	0.004750	0.7677	-0.000045	Y	Y	Y
p246_3840x2560.png	3840	2560	2711119	0.004794	224	0.6	6	2656963	0.003923	0.9800	-0.000872	N	Y	N
p246_3840x2560.png	3840	2560	2711119	0.004794	256	0.0	6	1466759	0.005606	0.5410	+0.000811	Y	N	N
p246_3840x2560.png	3840	2560	2711119	0.004794	256	0.3	6	2127250	0.004520	0.7846	-0.000275	Y	Y	Y
p246_3840x2560.png	3840	2560	2711119	0.004794	256	0.6	6	2722897	0.003710	1.0043	-0.001085	N	Y	N
n17_galaxy.png	626	640	120520	0.003261	64	0.0	6	63566	0.003539	0.5274	+0.000277	Y	N	N
n17_galaxy.png	626	640	120520	0.003261	64	0.3	6	63408	0.003536	0.5261	+0.000275	Y	N	N
n17_galaxy.png	626	640	120520	0.003261	64	0.6	6	63383	0.003582	0.5259	+0.000321	Y	N	N
n17_galaxy.png	626	640	120520	0.003261	96	0.0	6	68266	0.002832	0.5664	-0.000430	Y	Y	Y
n17_galaxy.png	626	640	120520	0.003261	96	0.3	6	67757	0.002949	0.5622	-0.000313	Y	Y	Y
n17_galaxy.png	626	640	120520	0.003261	96	0.6	6	68150	0.002927	0.5655	-0.000335	Y	Y	Y
n17_galaxy.png	626	640	120520	0.003261	128	0.0	6	70239	0.002777	0.5828	-0.000485	Y	Y	Y
n17_galaxy.png	626	640	120520	0.003261	128	0.3	6	70320	0.002691	0.5835	-0.000571	Y	Y	Y
n17_galaxy.png	626	640	120520	0.003261	128	0.6	6	70165	0.002686	0.5822	-0.000576	Y	Y	Y
n17_galaxy.png	626	640	120520	0.003261	160	0.0	6	82983	0.001834	0.6885	-0.001428	Y	Y	Y
n17_galaxy.png	626	640	120520	0.003261	160	0.3	6	82528	0.001806	0.6848	-0.001455	Y	Y	Y
n17_galaxy.png	626	640	120520	0.003261	160	0.6	6	82105	0.001813	0.6813	-0.001448	Y	Y	Y
n17_galaxy.png	626	640	120520	0.003261	192	0.0	6	85478	0.001732	0.7092	-0.001530	Y	Y	Y
n17_galaxy.png	626	640	120520	0.003261	192	0.3	6	85099	0.001708	0.7061	-0.001554	Y	Y	Y
n17_galaxy.png	626	640	120520	0.003261	192	0.6	6	84548	0.001713	0.7015	-0.001549	Y	Y	Y
n17_galaxy.png	626	640	120520	0.003261	224	0.0	6	87985	0.001680	0.7300	-0.001581	Y	Y	Y
n17_galaxy.png	626	640	120520	0.003261	224	0.3	6	87455	0.001652	0.7256	-0.001610	Y	Y	Y
n17_galaxy.png	626	640	120520	0.003261	224	0.6	6	86776	0.001669	0.7200	-0.001592	Y	Y	Y
n17_galaxy.png	626	640	120520	0.003261	256	0.0	6	88611	0.001577	0.7352	-0.001684	Y	Y	Y
n17_galaxy.png	626	640	120520	0.003261	256	0.3	6	87999	0.001550	0.7302	-0.001711	Y	Y	Y
n17_galaxy.png	626	640	120520	0.003261	256	0.6	6	87767	0.001568	0.7282	-0.001693	Y	Y	Y
p274_3840x2560.png	3840	2560	2502418	0.003084	64	0.0	6	479045	0.026305	0.1914	+0.023220	Y	N	N
p274_3840x2560.png	3840	2560	2502418	0.003084	64	0.3	6	977412	0.021773	0.3906	+0.018688	Y	N	N
p274_3840x2560.png	3840	2560	2502418	0.003084	64	0.6	6	1445588	0.019054	0.5777	+0.015970	Y	N	N
p274_3840x2560.png	3840	2560	2502418	0.003084	96	0.0	6	599553	0.019960	0.2396	+0.016876	Y	N	N
p274_3840x2560.png	3840	2560	2502418	0.003084	96	0.3	6	1151573	0.016855	0.4602	+0.013771	Y	N	N
p274_3840x2560.png	3840	2560	2502418	0.003084	96	0.6	6	1668097	0.014979	0.6666	+0.011895	Y	N	N
p274_3840x2560.png	3840	2560	2502418	0.003084	128	0.0	6	691554	0.017258	0.2764	+0.014174	Y	N	N
p274_3840x2560.png	3840	2560	2502418	0.003084	128	0.3	6	1273038	0.014865	0.5087	+0.011781	Y	N	N
p274_3840x2560.png	3840	2560	2502418	0.003084	128	0.6	6	1819879	0.013423	0.7272	+0.010339	Y	N	N
p274_3840x2560.png	3840	2560	2502418	0.003084	160	0.0	6	777217	0.013189	0.3106	+0.010104	Y	N	N
p274_3840x2560.png	3840	2560	2502418	0.003084	160	0.3	6	1386217	0.011484	0.5540	+0.008400	Y	N	N
p274_3840x2560.png	3840	2560	2502418	0.003084	160	0.6	6	1960573	0.010334	0.7835	+0.007250	Y	N	N
p274_3840x2560.png	3840	2560	2502418	0.003084	192	0.0	6	914376	0.009548	0.3654	+0.006464	Y	N	N
p274_3840x2560.png	3840	2560	2502418	0.003084	192	0.3	6	1519842	0.008245	0.6073	+0.005160	Y	N	N
p274_3840x2560.png	3840	2560	2502418	0.003084	192	0.6	6	2127180	0.007379	0.8500	+0.004295	N	N	N
p274_3840x2560.png	3840	2560	2502418	0.003084	224	0.0	6	978507	0.008452	0.3910	+0.005367	Y	N	N
p274_3840x2560.png	3840	2560	2502418	0.003084	224	0.3	6	1619372	0.007266	0.6471	+0.004181	Y	N	N
p274_3840x2560.png	3840	2560	2502418	0.003084	224	0.6	6	2232034	0.006472	0.8920	+0.003387	N	N	N
p274_3840x2560.png	3840	2560	2502418	0.003084	256	0.0	6	1038371	0.007599	0.4149	+0.004514	Y	N	N
p274_3840x2560.png	3840	2560	2502418	0.003084	256	0.3	6	1692193	0.006514	0.6762	+0.003430	Y	N	N
p274_3840x2560.png	3840	2560	2502418	0.003084	256	0.6	6	2314004	0.005764	0.9247	+0.002679	N	N	N
p280_3840x2560.png	3840	2560	3193108	0.002931	64	0.0	6	895703	0.016133	0.2805	+0.013202	Y	N	N
p280_3840x2560.png	3840	2560	3193108	0.002931	64	0.3	6	1668944	0.012706	0.5227	+0.009775	Y	N	N
p280_3840x2560.png	3840	2560	3193108	0.002931	64	0.6	6	2195853	0.010821	0.6877	+0.007891	Y	N	N
p280_3840x2560.png	3840	2560	3193108	0.002931	96	0.0	6	1068314	0.010874	0.3346	+0.007944	Y	N	N
p280_3840x2560.png	3840	2560	3193108	0.002931	96	0.3	6	1926195	0.008548	0.6032	+0.005618	Y	N	N
p280_3840x2560.png	3840	2560	3193108	0.002931	96	0.6	6	2539689	0.007184	0.7954	+0.004254	Y	N	N
p280_3840x2560.png	3840	2560	3193108	0.002931	128	0.0	6	1212525	0.007043	0.3797	+0.004113	Y	N	N
p280_3840x2560.png	3840	2560	3193108	0.002931	128	0.3	6	2126182	0.005547	0.6659	+0.002616	Y	N	N
p280_3840x2560.png	3840	2560	3193108	0.002931	128	0.6	6	2773997	0.004611	0.8687	+0.001680	N	N	N
p280_3840x2560.png	3840	2560	3193108	0.002931	160	0.0	6	1324043	0.005553	0.4147	+0.002622	Y	N	N
p280_3840x2560.png	3840	2560	3193108	0.002931	160	0.3	6	2269740	0.004395	0.7108	+0.001465	Y	N	N
p280_3840x2560.png	3840	2560	3193108	0.002931	160	0.6	6	2950750	0.003685	0.9241	+0.000754	N	N	N
p280_3840x2560.png	3840	2560	3193108	0.002931	192	0.0	6	1424047	0.004400	0.4460	+0.001469	Y	N	N
p280_3840x2560.png	3840	2560	3193108	0.002931	192	0.3	6	2391646	0.003452	0.7490	+0.000521	Y	N	N
p280_3840x2560.png	3840	2560	3193108	0.002931	192	0.6	6	3088873	0.002867	0.9674	-0.000063	N	Y	N
p280_3840x2560.png	3840	2560	3193108	0.002931	224	0.0	6	1483667	0.003433	0.4646	+0.000503	Y	N	N
p280_3840x2560.png	3840	2560	3193108	0.002931	224	0.3	6	2497566	0.002663	0.7822	-0.000268	Y	Y	Y
p280_3840x2560.png	3840	2560	3193108	0.002931	224	0.6	6	3217730	0.002193	1.0077	-0.000737	N	Y	N
p280_3840x2560.png	3840	2560	3193108	0.002931	256	0.0	6	1543221	0.002784	0.4833	-0.000147	Y	Y	Y
p280_3840x2560.png	3840	2560	3193108	0.002931	256	0.3	6	2576311	0.002145	0.8068	-0.000785	N	Y	N
p280_3840x2560.png	3840	2560	3193108	0.002931	256	0.6	6	3311815	0.001760	1.0372	-0.001170	N	Y	N
p214_2400x1600.png	2400	1600	1098013	0.002845	64	0.0	6	266272	0.021894	0.2425	+0.019049	Y	N	N
p214_2400x1600.png	2400	1600	1098013	0.002845	64	0.3	6	478522	0.018227	0.4358	+0.015382	Y	N	N
p214_2400x1600.png	2400	1600	1098013	0.002845	64	0.6	6	652399	0.015982	0.5942	+0.013137	Y	N	N
p214_2400x1600.png	2400	1600	1098013	0.002845	96	0.0	6	331779	0.015830	0.3022	+0.012985	Y	N	N
p214_2400x1600.png	2400	1600	1098013	0.002845	96	0.3	6	564268	0.013635	0.5139	+0.010790	Y	N	N
p214_2400x1600.png	2400	1600	1098013	0.002845	96	0.6	6	760385	0.012146	0.6925	+0.009301	Y	N	N
p214_2400x1600.png	2400	1600	1098013	0.002845	128	0.0	6	391731	0.013204	0.3568	+0.010359	Y	N	N
p214_2400x1600.png	2400	1600	1098013	0.002845	128	0.3	6	629603	0.011608	0.5734	+0.008763	Y	N	N
p214_2400x1600.png	2400	1600	1098013	0.002845	128	0.6	6	829445	0.010465	0.7554	+0.007620	Y	N	N
p214_2400x1600.png	2400	1600	1098013	0.002845	160	0.0	6	443141	0.009564	0.4036	+0.006719	Y	N	N
p214_2400x1600.png	2400	1600	1098013	0.002845	160	0.3	6	694415	0.008446	0.6324	+0.005601	Y	N	N
p214_2400x1600.png	2400	1600	1098013	0.002845	160	0.6	6	903674	0.007708	0.8230	+0.004862	N	N	N
p214_2400x1600.png	2400	1600	1098013	0.002845	192	0.0	6	500619	0.007894	0.4559	+0.005049	Y	N	N
p214_2400x1600.png	2400	1600	1098013	0.002845	192	0.3	6	754197	0.006966	0.6869	+0.004121	Y	N	N
p214_2400x1600.png	2400	1600	1098013	0.002845	192	0.6	6	965086	0.006325	0.8789	+0.003480	N	N	N
p214_2400x1600.png	2400	1600	1098013	0.002845	224	0.0	6	511794	0.007031	0.4661	+0.004186	Y	N	N
p214_2400x1600.png	2400	1600	1098013	0.002845	224	0.3	6	793855	0.006187	0.7230	+0.003342	Y	N	N
p214_2400x1600.png	2400	1600	1098013	0.002845	224	0.6	6	1014946	0.005614	0.9243	+0.002769	N	N	N
p214_2400x1600.png	2400	1600	1098013	0.002845	256	0.0	6	545194	0.006838	0.4965	+0.003993	Y	N	N
p214_2400x1600.png	2400	1600	1098013	0.002845	256	0.3	6	825518	0.005996	0.7518	+0.003151	Y	N	N
p214_2400x1600.png	2400	1600	1098013	0.002845	256	0.6	6	1049252	0.005421	0.9556	+0.002576	N	N	N
p171_1920x1080.png	1920	1080	543270	0.002160	64	0.0	6	202753	0.006648	0.3732	+0.004488	Y	N	N
p171_1920x1080.png	1920	1080	543270	0.002160	64	0.3	6	201332	0.006644	0.3706	+0.004484	Y	N	N
p171_1920x1080.png	1920	1080	543270	0.002160	64	0.6	6	200196	0.006645	0.3685	+0.004485	Y	N	N
p171_1920x1080.png	1920	1080	543270	0.002160	96	0.0	6	235717	0.004560	0.4339	+0.002400	Y	N	N
p171_1920x1080.png	1920	1080	543270	0.002160	96	0.3	6	233828	0.004559	0.4304	+0.002399	Y	N	N
p171_1920x1080.png	1920	1080	543270	0.002160	96	0.6	6	233566	0.004560	0.4299	+0.002400	Y	N	N
p171_1920x1080.png	1920	1080	543270	0.002160	128	0.0	6	272840	0.003810	0.5022	+0.001650	Y	N	N
p171_1920x1080.png	1920	1080	543270	0.002160	128	0.3	6	268126	0.003807	0.4935	+0.001647	Y	N	N
p171_1920x1080.png	1920	1080	543270	0.002160	128	0.6	6	270502	0.003806	0.4979	+0.001646	Y	N	N
p171_1920x1080.png	1920	1080	543270	0.002160	160	0.0	6	292576	0.003088	0.5385	+0.000929	Y	N	N
p171_1920x1080.png	1920	1080	543270	0.002160	160	0.3	6	288510	0.003085	0.5311	+0.000925	Y	N	N
p171_1920x1080.png	1920	1080	543270	0.002160	160	0.6	6	287285	0.003083	0.5288	+0.000923	Y	N	N
p171_1920x1080.png	1920	1080	543270	0.002160	192	0.0	6	311352	0.002513	0.5731	+0.000353	Y	N	N
p171_1920x1080.png	1920	1080	543270	0.002160	192	0.3	6	310194	0.002515	0.5710	+0.000355	Y	N	N
p171_1920x1080.png	1920	1080	543270	0.002160	192	0.6	6	310319	0.002519	0.5712	+0.000359	Y	N	N
p171_1920x1080.png	1920	1080	543270	0.002160	224	0.0	6	320832	0.002026	0.5906	-0.000134	Y	Y	Y
p171_1920x1080.png	1920	1080	543270	0.002160	224	0.3	6	320090	0.002031	0.5892	-0.000129	Y	Y	Y
p171_1920x1080.png	1920	1080	543270	0.002160	224	0.6	6	320721	0.002033	0.5904	-0.000127	Y	Y	Y
p171_1920x1080.png	1920	1080	543270	0.002160	256	0.0	6	335086	0.001794	0.6168	-0.000366	Y	Y	Y
p171_1920x1080.png	1920	1080	543270	0.002160	256	0.3	6	336101	0.001800	0.6187	-0.000360	Y	Y	Y
p171_1920x1080.png	1920	1080	543270	0.002160	256	0.6	6	337967	0.001796	0.6221	-0.000364	Y	Y	Y
p235_2400x1600.png	2400	1600	959827	0.002144	64	0.0	6	240122	0.009312	0.2502	+0.007168	Y	N	N
p235_2400x1600.png	2400	1600	959827	0.002144	64	0.3	6	440782	0.006108	0.4592	+0.003964	Y	N	N
p235_2400x1600.png	2400	1600	959827	0.002144	64	0.6	6	608788	0.004094	0.6343	+0.001950	Y	N	N
p235_2400x1600.png	2400	1600	959827	0.002144	96	0.0	6	299561	0.006824	0.3121	+0.004680	Y	N	N
p235_2400x1600.png	2400	1600	959827	0.002144	96	0.3	6	513993	0.004595	0.5355	+0.002451	Y	N	N
p235_2400x1600.png	2400	1600	959827	0.002144	96	0.6	6	687899	0.003129	0.7167	+0.000985	Y	N	N
p235_2400x1600.png	2400	1600	959827	0.002144	128	0.0	6	333881	0.005289	0.3479	+0.003145	Y	N	N
p235_2400x1600.png	2400	1600	959827	0.002144	128	0.3	6	567088	0.003630	0.5908	+0.001486	Y	N	N
p235_2400x1600.png	2400	1600	959827	0.002144	128	0.6	6	745808	0.002509	0.7770	+0.000365	Y	N	N
p235_2400x1600.png	2400	1600	959827	0.002144	160	0.0	6	350394	0.004341	0.3651	+0.002197	Y	N	N
p235_2400x1600.png	2400	1600	959827	0.002144	160	0.3	6	603716	0.002943	0.6290	+0.000799	Y	N	N
p235_2400x1600.png	2400	1600	959827	0.002144	160	0.6	6	787893	0.002020	0.8209	-0.000124	N	Y	N
p235_2400x1600.png	2400	1600	959827	0.002144	192	0.0	6	379536	0.003713	0.3954	+0.001569	Y	N	N
p235_2400x1600.png	2400	1600	959827	0.002144	192	0.3	6	632539	0.002544	0.6590	+0.000400	Y	N	N
p235_2400x1600.png	2400	1600	959827	0.002144	192	0.6	6	826416	0.001743	0.8610	-0.000401	N	Y	N
p235_2400x1600.png	2400	1600	959827	0.002144	224	0.0	6	402459	0.003331	0.4193	+0.001187	Y	N	N
p235_2400x1600.png	2400	1600	959827	0.002144	224	0.3	6	655836	0.002315	0.6833	+0.000171	Y	N	N
p235_2400x1600.png	2400	1600	959827	0.002144	224	0.6	6	853587	0.001589	0.8893	-0.000555	N	Y	N
p235_2400x1600.png	2400	1600	959827	0.002144	256	0.0	6	413585	0.003001	0.4309	+0.000857	Y	N	N
p235_2400x1600.png	2400	1600	959827	0.002144	256	0.3	6	675629	0.002080	0.7039	-0.000064	Y	Y	Y
p235_2400x1600.png	2400	1600	959827	0.002144	256	0.6	6	876861	0.001424	0.9136	-0.000720	N	Y	N
p295_3840x2560.png	3840	2560	2287400	0.002076	64	0.0	6	469023	0.009965	0.2050	+0.007889	Y	N	N
p295_3840x2560.png	3840	2560	2287400	0.002076	64	0.3	6	998753	0.006083	0.4366	+0.004007	Y	N	N
p295_3840x2560.png	3840	2560	2287400	0.002076	64	0.6	6	1436626	0.004063	0.6281	+0.001987	Y	N	N
p295_3840x2560.png	3840	2560	2287400	0.002076	96	0.0	6	552757	0.007281	0.2417	+0.005205	Y	N	N
p295_3840x2560.png	3840	2560	2287400	0.002076	96	0.3	6	1120333	0.004588	0.4898	+0.002512	Y	N	N
p295_3840x2560.png	3840	2560	2287400	0.002076	96	0.6	6	1584055	0.003038	0.6925	+0.000961	Y	N	N
p295_3840x2560.png	3840	2560	2287400	0.002076	128	0.0	6	605412	0.006135	0.2647	+0.004059	Y	N	N
p295_3840x2560.png	3840	2560	2287400	0.002076	128	0.3	6	1215547	0.003934	0.5314	+0.001858	Y	N	N
p295_3840x2560.png	3840	2560	2287400	0.002076	128	0.6	6	1688870	0.002638	0.7383	+0.000562	Y	N	N
p295_3840x2560.png	3840	2560	2287400	0.002076	160	0.0	6	669671	0.005007	0.2928	+0.002931	Y	N	N
p295_3840x2560.png	3840	2560	2287400	0.002076	160	0.3	6	1291857	0.003238	0.5648	+0.001162	Y	N	N
p295_3840x2560.png	3840	2560	2287400	0.002076	160	0.6	6	1781895	0.002126	0.7790	+0.000050	Y	N	N
p295_3840x2560.png	3840	2560	2287400	0.002076	192	0.0	6	723108	0.004263	0.3161	+0.002187	Y	N	N
p295_3840x2560.png	3840	2560	2287400	0.002076	192	0.3	6	1354314	0.002791	0.5921	+0.000715	Y	N	N
p295_3840x2560.png	3840	2560	2287400	0.002076	192	0.6	6	1853513	0.001853	0.8103	-0.000224	N	Y	N
p295_3840x2560.png	3840	2560	2287400	0.002076	224	0.0	6	750450	0.003707	0.3281	+0.001631	Y	N	N
p295_3840x2560.png	3840	2560	2287400	0.002076	224	0.3	6	1396082	0.002486	0.6103	+0.000409	Y	N	N
p295_3840x2560.png	3840	2560	2287400	0.002076	224	0.6	6	1911775	0.001647	0.8358	-0.000429	N	Y	N
p295_3840x2560.png	3840	2560	2287400	0.002076	256	0.0	6	779595	0.003376	0.3408	+0.001300	Y	N	N
p295_3840x2560.png	3840	2560	2287400	0.002076	256	0.3	6	1441344	0.002266	0.6301	+0.000190	Y	N	N
p295_3840x2560.png	3840	2560	2287400	0.002076	256	0.6	6	1971098	0.001500	0.8617	-0.000576	N	Y	N
p115_1024x768.png	1024	768	204799	0.001970	64	0.0	6	55821	0.009095	0.2726	+0.007125	Y	N	N
p115_1024x768.png	1024	768	204799	0.001970	64	0.3	6	55093	0.009132	0.2690	+0.007162	Y	N	N
p115_1024x768.png	1024	768	204799	0.001970	64	0.6	6	55277	0.009148	0.2699	+0.007178	Y	N	N
p115_1024x768.png	1024	768	204799	0.001970	96	0.0	6	66543	0.006294	0.3249	+0.004324	Y	N	N
p115_1024x768.png	1024	768	204799	0.001970	96	0.3	6	65817	0.006323	0.3214	+0.004353	Y	N	N
p115_1024x768.png	1024	768	204799	0.001970	96	0.6	6	65768	0.006329	0.3211	+0.004359	Y	N	N
p115_1024x768.png	1024	768	204799	0.001970	128	0.0	6	76108	0.004867	0.3716	+0.002897	Y	N	N
p115_1024x768.png	1024	768	204799	0.001970	128	0.3	6	75369	0.004890	0.3680	+0.002920	Y	N	N
p115_1024x768.png	1024	768	204799	0.001970	128	0.6	6	75173	0.004909	0.3671	+0.002939	Y	N	N
p115_1024x768.png	1024	768	204799	0.001970	160	0.0	6	82590	0.003866	0.4033	+0.001896	Y	N	N
p115_1024x768.png	1024	768	204799	0.001970	160	0.3	6	81375	0.003901	0.3973	+0.001931	Y	N	N
p115_1024x768.png	1024	768	204799	0.001970	160	0.6	6	81518	0.003905	0.3980	+0.001935	Y	N	N
p115_1024x768.png	1024	768	204799	0.001970	192	0.0	6	85273	0.003324	0.4164	+0.001354	Y	N	N
p115_1024x768.png	1024	768	204799	0.001970	192	0.3	6	84033	0.003355	0.4103	+0.001385	Y	N	N
p115_1024x768.png	1024	768	204799	0.001970	192	0.6	6	83933	0.003356	0.4098	+0.001386	Y	N	N
p115_1024x768.png	1024	768	204799	0.001970	224	0.0	6	89569	0.002901	0.4374	+0.000931	Y	N	N
p115_1024x768.png	1024	768	204799	0.001970	224	0.3	6	87912	0.002933	0.4293	+0.000963	Y	N	N
p115_1024x768.png	1024	768	204799	0.001970	224	0.6	6	88245	0.002934	0.4309	+0.000964	Y	N	N
p115_1024x768.png	1024	768	204799	0.001970	256	0.0	6	91431	0.002614	0.4464	+0.000644	Y	N	N
p115_1024x768.png	1024	768	204799	0.001970	256	0.3	6	90522	0.002649	0.4420	+0.000679	Y	N	N
p115_1024x768.png	1024	768	204799	0.001970	256	0.6	6	90251	0.002645	0.4407	+0.000675	Y	N	N
p175_1920x1080.png	1920	1080	523233	0.001966	64	0.0	6	128134	0.009175	0.2449	+0.007208	Y	N	N
p175_1920x1080.png	1920	1080	523233	0.001966	64	0.3	6	126777	0.009193	0.2423	+0.007227	Y	N	N
p175_1920x1080.png	1920	1080	523233	0.001966	64	0.6	6	126763	0.009197	0.2423	+0.007231	Y	N	N
p175_1920x1080.png	1920	1080	523233	0.001966	96	0.0	6	156505	0.006340	0.2991	+0.004374	Y	N	N
p175_1920x1080.png	1920	1080	523233	0.001966	96	0.3	6	153328	0.006373	0.2930	+0.004407	Y	N	N
p175_1920x1080.png	1920	1080	523233	0.001966	96	0.6	6	152988	0.006381	0.2924	+0.004415	Y	N	N
p175_1920x1080.png	1920	1080	523233	0.001966	128	0.0	6	172905	0.004800	0.3305	+0.002833	Y	N	N
p175_1920x1080.png	1920	1080	523233	0.001966	128	0.3	6	170220	0.004821	0.3253	+0.002855	Y	N	N
p175_1920x1080.png	1920	1080	523233	0.001966	128	0.6	6	170982	0.004818	0.3268	+0.002852	Y	N	N
p175_1920x1080.png	1920	1080	523233	0.001966	160	0.0	6	188134	0.004139	0.3596	+0.002173	Y	N	N
p175_1920x1080.png	1920	1080	523233	0.001966	160	0.3	6	185679	0.004172	0.3549	+0.002205	Y	N	N
p175_1920x1080.png	1920	1080	523233	0.001966	160	0.6	6	184674	0.004185	0.3529	+0.002219	Y	N	N
p175_1920x1080.png	1920	1080	523233	0.001966	192	0.0	6	199238	0.003371	0.3808	+0.001405	Y	N	N
p175_1920x1080.png	1920	1080	523233	0.001966	192	0.3	6	194699	0.003410	0.3721	+0.001444	Y	N	N
p175_1920x1080.png	1920	1080	523233	0.001966	192	0.6	6	194968	0.003434	0.3726	+0.001468	Y	N	N
p175_1920x1080.png	1920	1080	523233	0.001966	224	0.0	6	208734	0.002990	0.3989	+0.001023	Y	N	N
p175_1920x1080.png	1920	1080	523233	0.001966	224	0.3	6	206205	0.003023	0.3941	+0.001057	Y	N	N
p175_1920x1080.png	1920	1080	523233	0.001966	224	0.6	6	207302	0.003041	0.3962	+0.001075	Y	N	N
p175_1920x1080.png	1920	1080	523233	0.001966	256	0.0	6	217636	0.002654	0.4159	+0.000688	Y	N	N
p175_1920x1080.png	1920	1080	523233	0.001966	256	0.3	6	214922	0.002684	0.4108	+0.000717	Y	N	N
p175_1920x1080.png	1920	1080	523233	0.001966	256	0.6	6	214390	0.002707	0.4097	+0.000741	Y	N	N
p281_3840x2560.png	3840	2560	2568607	0.001942	64	0.0	6	722011	0.005849	0.2811	+0.003907	Y	N	N
p281_3840x2560.png	3840	2560	2568607	0.001942	64	0.3	6	1275412	0.003874	0.4965	+0.001932	Y	N	N
p281_3840x2560.png	3840	2560	2568607	0.001942	64	0.6	6	1697689	0.002810	0.6609	+0.000868	Y	N	N
p281_3840x2560.png	3840	2560	2568607	0.001942	96	0.0	6	863318	0.004034	0.3361	+0.002091	Y	N	N
p281_3840x2560.png	3840	2560	2568607	0.001942	96	0.3	6	1472681	0.002799	0.5733	+0.000857	Y	N	N
p281_3840x2560.png	3840	2560	2568607	0.001942	96	0.6	6	1940000	0.002073	0.7553	+0.000131	Y	N	N
p281_3840x2560.png	3840	2560	2568607	0.001942	128	0.0	6	999542	0.003181	0.3891	+0.001239	Y	N	N
p281_3840x2560.png	3840	2560	2568607	0.001942	128	0.3	6	1634192	0.002326	0.6362	+0.000384	Y	N	N
p281_3840x2560.png	3840	2560	2568607	0.001942	128	0.6	6	2137010	0.001789	0.8320	-0.000153	N	Y	N
p281_3840x2560.png	3840	2560	2568607	0.001942	160	0.0	6	1075647	0.002757	0.4188	+0.000815	Y	N	N
p281_3840x2560.png	3840	2560	2568607	0.001942	160	0.3	6	1758469	0.002087	0.6846	+0.000144	Y	N	N
p281_3840x2560.png	3840	2560	2568607	0.001942	160	0.6	6	2303764	0.001608	0.8969	-0.000334	N	Y	N
p281_3840x2560.png	3840	2560	2568607	0.001942	192	0.0	6	1162181	0.002509	0.4525	+0.000566	Y	N	N
p281_3840x2560.png	3840	2560	2568607	0.001942	192	0.3	6	1870703	0.001913	0.7283	-0.000029	Y	Y	Y
p281_3840x2560.png	3840	2560	2568607	0.001942	192	0.6	6	2437225	0.001476	0.9489	-0.000466	N	Y	N
p281_3840x2560.png	3840	2560	2568607	0.001942	224	0.0	6	1227825	0.002320	0.4780	+0.000378	Y	N	N
p281_3840x2560.png	3840	2560	2568607	0.001942	224	0.3	6	1963319	0.001775	0.7644	-0.000167	Y	Y	Y
p281_3840x2560.png	3840	2560	2568607	0.001942	224	0.6	6	2553976	0.001374	0.9943	-0.000568	N	Y	N
p281_3840x2560.png	3840	2560	2568607	0.001942	256	0.0	6	1267719	0.002213	0.4935	+0.000271	Y	N	N
p281_3840x2560.png	3840	2560	2568607	0.001942	256	0.3	6	2025860	0.001687	0.7887	-0.000256	Y	Y	Y
p281_3840x2560.png	3840	2560	2568607	0.001942	256	0.6	6	2641817	0.001307	1.0285	-0.000635	N	Y	N
p263_3840x2560.png	3840	2560	1907790	0.001840	64	0.0	6	685488	0.004605	0.3593	+0.002765	Y	N	N
p263_3840x2560.png	3840	2560	1907790	0.001840	64	0.3	6	1095565	0.003683	0.5743	+0.001844	Y	N	N
p263_3840x2560.png	3840	2560	1907790	0.001840	64	0.6	6	1392920	0.003085	0.7301	+0.001245	Y	N	N
p263_3840x2560.png	3840	2560	1907790	0.001840	96	0.0	6	881341	0.003314	0.4620	+0.001474	Y	N	N
p263_3840x2560.png	3840	2560	1907790	0.001840	96	0.3	6	1299249	0.002806	0.6810	+0.000967	Y	N	N
p263_3840x2560.png	3840	2560	1907790	0.001840	96	0.6	6	1630603	0.002480	0.8547	+0.000640	N	N	N
p263_3840x2560.png	3840	2560	1907790	0.001840	128	0.0	6	994040	0.002684	0.5210	+0.000844	Y	N	N
p263_3840x2560.png	3840	2560	1907790	0.001840	128	0.3	6	1441967	0.002330	0.7558	+0.000490	Y	N	N
p263_3840x2560.png	3840	2560	1907790	0.001840	128	0.6	6	1782800	0.002069	0.9345	+0.000229	N	N	N
p263_3840x2560.png	3840	2560	1907790	0.001840	160	0.0	6	1089347	0.002495	0.5710	+0.000655	Y	N	N
p263_3840x2560.png	3840	2560	1907790	0.001840	160	0.3	6	1548688	0.002179	0.8118	+0.000340	N	N	N
p263_3840x2560.png	3840	2560	1907790	0.001840	160	0.6	6	1902427	0.001933	0.9972	+0.000093	N	N	N
p263_3840x2560.png	3840	2560	1907790	0.001840	192	0.0	6	1149108	0.002018	0.6023	+0.000178	Y	N	N
p263_3840x2560.png	3840	2560	1907790	0.001840	192	0.3	6	1616615	0.001725	0.8474	-0.000114	N	Y	N
p263_3840x2560.png	3840	2560	1907790	0.001840	192	0.6	6	1994235	0.001512	1.0453	-0.000328	N	Y	N
p263_3840x2560.png	3840	2560	1907790	0.001840	224	0.0	6	1211465	0.001733	0.6350	-0.000107	Y	Y	Y
p263_3840x2560.png	3840	2560	1907790	0.001840	224	0.3	6	1678709	0.001508	0.8799	-0.000332	N	Y	N
p263_3840x2560.png	3840	2560	1907790	0.001840	224	0.6	6	2075984	0.001336	1.0882	-0.000503	N	Y	N
p263_3840x2560.png	3840	2560	1907790	0.001840	256	0.0	6	1286363	0.001629	0.6743	-0.000210	Y	Y	Y
p263_3840x2560.png	3840	2560	1907790	0.001840	256	0.3	6	1759556	0.001411	0.9223	-0.000428	N	Y	N
p263_3840x2560.png	3840	2560	1907790	0.001840	256	0.6	6	2165885	0.001249	1.1353	-0.000591	N	Y	N
p203_2400x1600.png	2400	1600	876934	0.001673	64	0.0	6	389058	0.003818	0.4437	+0.002144	Y	N	N
p203_2400x1600.png	2400	1600	876934	0.001673	64	0.3	6	532167	0.003223	0.6068	+0.001549	Y	N	N
p203_2400x1600.png	2400	1600	876934	0.001673	64	0.6	6	637275	0.002780	0.7267	+0.001107	Y	N	N
p203_2400x1600.png	2400	1600	876934	0.001673	96	0.0	6	478157	0.002724	0.5453	+0.001051	Y	N	N
p203_2400x1600.png	2400	1600	876934	0.001673	96	0.3	6	621942	0.002376	0.7092	+0.000703	Y	N	N
p203_2400x1600.png	2400	1600	876934	0.001673	96	0.6	6	745669	0.002128	0.8503	+0.000454	N	N	N
p203_2400x1600.png	2400	1600	876934	0.001673	128	0.0	6	554919	0.002244	0.6328	+0.000571	Y	N	N
p203_2400x1600.png	2400	1600	876934	0.001673	128	0.3	6	710832	0.002015	0.8106	+0.000342	N	N	N
p203_2400x1600.png	2400	1600	876934	0.001673	128	0.6	6	824707	0.001834	0.9404	+0.000160	N	N	N
p203_2400x1600.png	2400	1600	876934	0.001673	160	0.0	6	592478	0.002003	0.6756	+0.000329	Y	N	N
p203_2400x1600.png	2400	1600	876934	0.001673	160	0.3	6	747513	0.001800	0.8524	+0.000127	N	N	N
p203_2400x1600.png	2400	1600	876934	0.001673	160	0.6	6	880615	0.001621	1.0042	-0.000053	N	Y	N
p203_2400x1600.png	2400	1600	876934	0.001673	192	0.0	6	627922	0.001625	0.7160	-0.000048	Y	Y	Y
p203_2400x1600.png	2400	1600	876934	0.001673	192	0.3	6	791562	0.001447	0.9026	-0.000227	N	Y	N
p203_2400x1600.png	2400	1600	876934	0.001673	192	0.6	6	928556	0.001291	1.0589	-0.000383	N	Y	N
p203_2400x1600.png	2400	1600	876934	0.001673	224	0.0	6	665759	0.001410	0.7592	-0.000263	Y	Y	Y
p203_2400x1600.png	2400	1600	876934	0.001673	224	0.3	6	832432	0.001262	0.9493	-0.000412	N	Y	N
p203_2400x1600.png	2400	1600	876934	0.001673	224	0.6	6	972024	0.001129	1.1084	-0.000545	N	Y	N
p203_2400x1600.png	2400	1600	876934	0.001673	256	0.0	6	696008	0.001316	0.7937	-0.000357	Y	Y	Y
p203_2400x1600.png	2400	1600	876934	0.001673	256	0.3	6	858114	0.001190	0.9785	-0.000483	N	Y	N
p203_2400x1600.png	2400	1600	876934	0.001673	256	0.6	6	1006159	0.001063	1.1474	-0.000610	N	Y	N
p143_1920x1080.png	1920	1080	491175	0.001472	64	0.0	6	205769	0.003669	0.4189	+0.002198	Y	N	N
p143_1920x1080.png	1920	1080	491175	0.001472	64	0.3	6	202947	0.003683	0.4132	+0.002211	Y	N	N
p143_1920x1080.png	1920	1080	491175	0.001472	64	0.6	6	202263	0.003686	0.4118	+0.002215	Y	N	N
p143_1920x1080.png	1920	1080	491175	0.001472	96	0.0	6	241867	0.002484	0.4924	+0.001012	Y	N	N
p143_1920x1080.png	1920	1080	491175	0.001472	96	0.3	6	240240	0.002498	0.4891	+0.001026	Y	N	N
p143_1920x1080.png	1920	1080	491175	0.001472	96	0.6	6	238856	0.002507	0.4863	+0.001035	Y	N	N
p143_1920x1080.png	1920	1080	491175	0.001472	128	0.0	6	280976	0.002184	0.5720	+0.000712	Y	N	N
p143_1920x1080.png	1920	1080	491175	0.001472	128	0.3	6	277963	0.002188	0.5659	+0.000716	Y	N	N
p143_1920x1080.png	1920	1080	491175	0.001472	128	0.6	6	275637	0.002173	0.5612	+0.000702	Y	N	N
p143_1920x1080.png	1920	1080	491175	0.001472	160	0.0	6	295028	0.001938	0.6007	+0.000466	Y	N	N
p143_1920x1080.png	1920	1080	491175	0.001472	160	0.3	6	291348	0.001941	0.5932	+0.000469	Y	N	N
p143_1920x1080.png	1920	1080	491175	0.001472	160	0.6	6	289121	0.001941	0.5886	+0.000469	Y	N	N
p143_1920x1080.png	1920	1080	491175	0.001472	192	0.0	6	318072	0.001514	0.6476	+0.000042	Y	N	N
p143_1920x1080.png	1920	1080	491175	0.001472	192	0.3	6	313944	0.001512	0.6392	+0.000040	Y	N	N
p143_1920x1080.png	1920	1080	491175	0.001472	192	0.6	6	314664	0.001511	0.6406	+0.000040	Y	N	N
p143_1920x1080.png	1920	1080	491175	0.001472	224	0.0	6	336623	0.001323	0.6853	-0.000149	Y	Y	Y
p143_1920x1080.png	1920	1080	491175	0.001472	224	0.3	6	335561	0.001327	0.6832	-0.000145	Y	Y	Y
p143_1920x1080.png	1920	1080	491175	0.001472	224	0.6	6	331543	0.001317	0.6750	-0.000155	Y	Y	Y
p143_1920x1080.png	1920	1080	491175	0.001472	256	0.0	6	350769	0.001292	0.7141	-0.000179	Y	Y	Y
p143_1920x1080.png	1920	1080	491175	0.001472	256	0.3	6	349847	0.001293	0.7123	-0.000179	Y	Y	Y
p143_1920x1080.png	1920	1080	491175	0.001472	256	0.6	6	347060	0.001282	0.7066	-0.000190	Y	Y	Y
p83_1024x768.png	1024	768	187468	0.001322	64	0.0	6	83311	0.003412	0.4444	+0.002090	Y	N	N
p83_1024x768.png	1024	768	187468	0.001322	64	0.3	6	82339	0.003421	0.4392	+0.002099	Y	N	N
p83_1024x768.png	1024	768	187468	0.001322	64	0.6	6	82077	0.003429	0.4378	+0.002107	Y	N	N
p83_1024x768.png	1024	768	187468	0.001322	96	0.0	6	101858	0.002314	0.5433	+0.000992	Y	N	N
p83_1024x768.png	1024	768	187468	0.001322	96	0.3	6	100725	0.002318	0.5373	+0.000995	Y	N	N
p83_1024x768.png	1024	768	187468	0.001322	96	0.6	6	100464	0.002319	0.5359	+0.000997	Y	N	N
p83_1024x768.png	1024	768	187468	0.001322	128	0.0	6	110660	0.001876	0.5903	+0.000554	Y	N	N
p83_1024x768.png	1024	768	187468	0.001322	128	0.3	6	109852	0.001883	0.5860	+0.000561	Y	N	N
p83_1024x768.png	1024	768	187468	0.001322	128	0.6	6	109517	0.001879	0.5842	+0.000557	Y	N	N
p83_1024x768.png	1024	768	187468	0.001322	160	0.0	6	116896	0.001788	0.6236	+0.000465	Y	N	N
p83_1024x768.png	1024	768	187468	0.001322	160	0.3	6	116321	0.001789	0.6205	+0.000467	Y	N	N
p83_1024x768.png	1024	768	187468	0.001322	160	0.6	6	115541	0.001786	0.6163	+0.000464	Y	N	N
p83_1024x768.png	1024	768	187468	0.001322	192	0.0	6	124813	0.001393	0.6658	+0.000071	Y	N	N
p83_1024x768.png	1024	768	187468	0.001322	192	0.3	6	123773	0.001391	0.6602	+0.000069	Y	N	N
p83_1024x768.png	1024	768	187468	0.001322	192	0.6	6	123106	0.001381	0.6567	+0.000059	Y	N	N
p83_1024x768.png	1024	768	187468	0.001322	224	0.0	6	132443	0.001231	0.7065	-0.000092	Y	Y	Y
p83_1024x768.png	1024	768	187468	0.001322	224	0.3	6	131224	0.001221	0.7000	-0.000101	Y	Y	Y
p83_1024x768.png	1024	768	187468	0.001322	224	0.6	6	132174	0.001204	0.7050	-0.000118	Y	Y	Y
p83_1024x768.png	1024	768	187468	0.001322	256	0.0	6	136366	0.001152	0.7274	-0.000171	Y	Y	Y
p83_1024x768.png	1024	768	187468	0.001322	256	0.3	6	136601	0.001144	0.7287	-0.000178	Y	Y	Y
p83_1024x768.png	1024	768	187468	0.001322	256	0.6	6	134168	0.001126	0.7157	-0.000197	Y	Y	Y
p107_1024x768.png	1024	768	185286	0.000889	64	0.0	6	64534	0.003006	0.3483	+0.002117	Y	N	N
p107_1024x768.png	1024	768	185286	0.000889	64	0.3	6	63522	0.003020	0.3428	+0.002131	Y	N	N
p107_1024x768.png	1024	768	185286	0.000889	64	0.6	6	63257	0.003016	0.3414	+0.002126	Y	N	N
p107_1024x768.png	1024	768	185286	0.000889	96	0.0	6	75845	0.002162	0.4093	+0.001273	Y	N	N
p107_1024x768.png	1024	768	185286	0.000889	96	0.3	6	77311	0.002166	0.4173	+0.001277	Y	N	N
p107_1024x768.png	1024	768	185286	0.000889	96	0.6	6	76554	0.002177	0.4132	+0.001287	Y	N	N
p107_1024x768.png	1024	768	185286	0.000889	128	0.0	6	84075	0.001570	0.4538	+0.000680	Y	N	N
p107_1024x768.png	1024	768	185286	0.000889	128	0.3	6	83041	0.001576	0.4482	+0.000687	Y	N	N
p107_1024x768.png	1024	768	185286	0.000889	128	0.6	6	86628	0.001580	0.4675	+0.000691	Y	N	N
p107_1024x768.png	1024	768	185286	0.000889	160	0.0	6	90005	0.001267	0.4858	+0.000378	Y	N	N
p107_1024x768.png	1024	768	185286	0.000889	160	0.3	6	89488	0.001274	0.4830	+0.000384	Y	N	N
p107_1024x768.png	1024	768	185286	0.000889	160	0.6	6	89525	0.001281	0.4832	+0.000392	Y	N	N
p107_1024x768.png	1024	768	185286	0.000889	192	0.0	6	97056	0.001057	0.5238	+0.000168	Y	N	N
p107_1024x768.png	1024	768	185286	0.000889	192	0.3	6	95507	0.001063	0.5155	+0.000174	Y	N	N
p107_1024x768.png	1024	768	185286	0.000889	192	0.6	6	95490	0.001064	0.5154	+0.000175	Y	N	N
p107_1024x768.png	1024	768	185286	0.000889	224	0.0	6	101228	0.000924	0.5463	+0.000035	Y	N	N
p107_1024x768.png	1024	768	185286	0.000889	224	0.3	6	100534	0.000927	0.5426	+0.000037	Y	N	N
p107_1024x768.png	1024	768	185286	0.000889	224	0.6	6	100501	0.000934	0.5424	+0.000045	Y	N	N
p107_1024x768.png	1024	768	185286	0.000889	256	0.0	6	103220	0.000852	0.5571	-0.000037	Y	Y	Y
p107_1024x768.png	1024	768	185286	0.000889	256	0.3	6	102219	0.000858	0.5517	-0.000031	Y	Y	Y
p107_1024x768.png	1024	768	185286	0.000889	256	0.6	6	102862	0.000867	0.5552	-0.000022	Y	Y	Y
p167_1920x1080.png	1920	1080	452563	0.000880	64	0.0	6	135353	0.003557	0.2991	+0.002676	Y	N	N
p167_1920x1080.png	1920	1080	452563	0.000880	64	0.3	6	132454	0.003560	0.2927	+0.002679	Y	N	N
p167_1920x1080.png	1920	1080	452563	0.000880	64	0.6	6	126949	0.003579	0.2805	+0.002699	Y	N	N
p167_1920x1080.png	1920	1080	452563	0.000880	96	0.0	6	155775	0.002214	0.3442	+0.001334	Y	N	N
p167_1920x1080.png	1920	1080	452563	0.000880	96	0.3	6	153033	0.002224	0.3381	+0.001343	Y	N	N
p167_1920x1080.png	1920	1080	452563	0.000880	96	0.6	6	152616	0.002232	0.3372	+0.001352	Y	N	N
p167_1920x1080.png	1920	1080	452563	0.000880	128	0.0	6	173887	0.001666	0.3842	+0.000786	Y	N	N
p167_1920x1080.png	1920	1080	452563	0.000880	128	0.3	6	170963	0.001680	0.3778	+0.000800	Y	N	N
p167_1920x1080.png	1920	1080	452563	0.000880	128	0.6	6	171635	0.001688	0.3793	+0.000808	Y	N	N
p167_1920x1080.png	1920	1080	452563	0.000880	160	0.0	6	189383	0.001327	0.4185	+0.000446	Y	N	N
p167_1920x1080.png	1920	1080	452563	0.000880	160	0.3	6	186896	0.001336	0.4130	+0.000456	Y	N	N
p167_1920x1080.png	1920	1080	452563	0.000880	160	0.6	6	184708	0.001349	0.4081	+0.000469	Y	N	N
p167_1920x1080.png	1920	1080	452563	0.000880	192	0.0	6	208000	0.001141	0.4596	+0.000261	Y	N	N
p167_1920x1080.png	1920	1080	452563	0.000880	192	0.3	6	204138	0.001148	0.4511	+0.000268	Y	N	N
p167_1920x1080.png	1920	1080	452563	0.000880	192	0.6	6	202382	0.001161	0.4472	+0.000280	Y	N	N
p167_1920x1080.png	1920	1080	452563	0.000880	224	0.0	6	218151	0.000993	0.4820	+0.000113	Y	N	N
p167_1920x1080.png	1920	1080	452563	0.000880	224	0.3	6	213656	0.000999	0.4721	+0.000119	Y	N	N
p167_1920x1080.png	1920	1080	452563	0.000880	224	0.6	6	213437	0.001013	0.4716	+0.000133	Y	N	N
p167_1920x1080.png	1920	1080	452563	0.000880	256	0.0	6	230556	0.000904	0.5094	+0.000023	Y	N	N
p167_1920x1080.png	1920	1080	452563	0.000880	256	0.3	6	223714	0.000912	0.4943	+0.000032	Y	N	N
p167_1920x1080.png	1920	1080	452563	0.000880	256	0.6	6	221648	0.000920	0.4898	+0.000040	Y	N	N
p283_3840x2560.png	3840	2560	1384038	0.000630	64	0.0	6	1117179	0.000442	0.8072	-0.000189	N	Y	N
p283_3840x2560.png	3840	2560	1384038	0.000630	64	0.3	6	1304073	0.000371	0.9422	-0.000259	N	Y	N
p283_3840x2560.png	3840	2560	1384038	0.000630	64	0.6	6	1522563	0.000324	1.1001	-0.000307	N	Y	N
p283_3840x2560.png	3840	2560	1384038	0.000630	96	0.0	6	1369391	0.000269	0.9894	-0.000361	N	Y	N
p283_3840x2560.png	3840	2560	1384038	0.000630	96	0.3	6	1514580	0.000248	1.0943	-0.000383	N	Y	N
p283_3840x2560.png	3840	2560	1384038	0.000630	96	0.6	6	1654793	0.000232	1.1956	-0.000399	N	Y	N
p283_3840x2560.png	3840	2560	1384038	0.000630	128	0.0	6	1459025	0.000181	1.0542	-0.000449	N	Y	N
p283_3840x2560.png	3840	2560	1384038	0.000630	128	0.3	6	1555280	0.000173	1.1237	-0.000458	N	Y	N
p283_3840x2560.png	3840	2560	1384038	0.000630	128	0.6	6	1702715	0.000164	1.2303	-0.000466	N	Y	N
p283_3840x2560.png	3840	2560	1384038	0.000630	160	0.0	6	1608868	0.000157	1.1624	-0.000473	N	Y	N
p283_3840x2560.png	3840	2560	1384038	0.000630	160	0.3	6	1647205	0.000151	1.1901	-0.000479	N	Y	N
p283_3840x2560.png	3840	2560	1384038	0.000630	160	0.6	6	1709995	0.000147	1.2355	-0.000483	N	Y	N
p283_3840x2560.png	3840	2560	1384038	0.000630	192	0.0	6	1692374	0.000136	1.2228	-0.000494	N	Y	N
p283_3840x2560.png	3840	2560	1384038	0.000630	192	0.3	6	1712863	0.000131	1.2376	-0.000499	N	Y	N
p283_3840x2560.png	3840	2560	1384038	0.000630	192	0.6	6	1748807	0.000129	1.2636	-0.000501	N	Y	N
p283_3840x2560.png	3840	2560	1384038	0.000630	224	0.0	6	1710633	0.000107	1.2360	-0.000523	N	Y	N
p283_3840x2560.png	3840	2560	1384038	0.000630	224	0.3	6	1740656	0.000105	1.2577	-0.000525	N	Y	N
p283_3840x2560.png	3840	2560	1384038	0.000630	224	0.6	6	1779508	0.000106	1.2857	-0.000524	N	Y	N
p283_3840x2560.png	3840	2560	1384038	0.000630	256	0.0	6	1716671	0.000059	1.2403	-0.000571	N	Y	N
p283_3840x2560.png	3840	2560	1384038	0.000630	256	0.3	6	1739575	0.000056	1.2569	-0.000574	N	Y	N
p283_3840x2560.png	3840	2560	1384038	0.000630	256	0.6	6	1766611	0.000052	1.2764	-0.000579	N	Y	N
n36_comet.png	640	369	12835	0.000632	64	0.0	6	15196	0.000017	1.1840	-0.000615	N	Y	N
n36_comet.png	640	369	12835	0.000632	64	0.3	6	15193	0.000017	1.1837	-0.000615	N	Y	N
n36_comet.png	640	369	12835	0.000632	64	0.6	6	15194	0.000016	1.1838	-0.000615	N	Y	N
n36_comet.png	640	369	12835	0.000632	96	0.0	6	16322	0.000008	1.2717	-0.000623	N	Y	N
n36_comet.png	640	369	12835	0.000632	96	0.3	6	16322	0.000008	1.2717	-0.000623	N	Y	N
n36_comet.png	640	369	12835	0.000632	96	0.6	6	16328	0.000008	1.2721	-0.000623	N	Y	N
n36_comet.png	640	369	12835	0.000632	128	0.0	6	17082	0.000006	1.3309	-0.000626	N	Y	N
n36_comet.png	640	369	12835	0.000632	128	0.3	6	17082	0.000006	1.3309	-0.000626	N	Y	N
n36_comet.png	640	369	12835	0.000632	128	0.6	6	17079	0.000006	1.3307	-0.000626	N	Y	N
n36_comet.png	640	369	12835	0.000632	160	0.0	6	17384	0.000006	1.3544	-0.000626	N	Y	N
n36_comet.png	640	369	12835	0.000632	160	0.3	6	17386	0.000006	1.3546	-0.000626	N	Y	N
n36_comet.png	640	369	12835	0.000632	160	0.6	6	17386	0.000006	1.3546	-0.000626	N	Y	N
n36_comet.png	640	369	12835	0.000632	192	0.0	6	17470	0.000006	1.3611	-0.000626	N	Y	N
n36_comet.png	640	369	12835	0.000632	192	0.3	6	17484	0.000006	1.3622	-0.000626	N	Y	N
n36_comet.png	640	369	12835	0.000632	192	0.6	6	17451	0.000006	1.3596	-0.000626	N	Y	N
n36_comet.png	640	369	12835	0.000632	224	0.0	6	17470	0.000006	1.3611	-0.000626	N	Y	N
n36_comet.png	640	369	12835	0.000632	224	0.3	6	17484	0.000006	1.3622	-0.000626	N	Y	N
n36_comet.png	640	369	12835	0.000632	224	0.6	6	17451	0.000006	1.3596	-0.000626	N	Y	N
n36_comet.png	640	369	12835	0.000632	256	0.0	6	17470	0.000006	1.3611	-0.000626	N	Y	N
n36_comet.png	640	369	12835	0.000632	256	0.3	6	17484	0.000006	1.3622	-0.000626	N	Y	N
n36_comet.png	640	369	12835	0.000632	256	0.6	6	17451	0.000006	1.3596	-0.000626	N	Y	N
p438_sm_620x380.png	620	380	58444	0.000412	64	0.0	6	24185	0.001592	0.4138	+0.001180	Y	N	N
p438_sm_620x380.png	620	380	58444	0.000412	64	0.3	6	24043	0.001587	0.4114	+0.001175	Y	N	N
p438_sm_620x380.png	620	380	58444	0.000412	64	0.6	6	24115	0.001593	0.4126	+0.001180	Y	N	N
p438_sm_620x380.png	620	380	58444	0.000412	96	0.0	6	29449	0.001032	0.5039	+0.000619	Y	N	N
p438_sm_620x380.png	620	380	58444	0.000412	96	0.3	6	28910	0.001036	0.4947	+0.000623	Y	N	N
p438_sm_620x380.png	620	380	58444	0.000412	96	0.6	6	28262	0.001039	0.4836	+0.000627	Y	N	N
p438_sm_620x380.png	620	380	58444	0.000412	128	0.0	6	30957	0.000703	0.5297	+0.000290	Y	N	N
p438_sm_620x380.png	620	380	58444	0.000412	128	0.3	6	30810	0.000704	0.5272	+0.000292	Y	N	N
p438_sm_620x380.png	620	380	58444	0.000412	128	0.6	6	30394	0.000705	0.5201	+0.000292	Y	N	N
p438_sm_620x380.png	620	380	58444	0.000412	160	0.0	6	33126	0.000530	0.5668	+0.000117	Y	N	N
p438_sm_620x380.png	620	380	58444	0.000412	160	0.3	6	33157	0.000534	0.5673	+0.000122	Y	N	N
p438_sm_620x380.png	620	380	58444	0.000412	160	0.6	6	32771	0.000537	0.5607	+0.000124	Y	N	N
p438_sm_620x380.png	620	380	58444	0.000412	192	0.0	6	34306	0.000434	0.5870	+0.000021	Y	N	N
p438_sm_620x380.png	620	380	58444	0.000412	192	0.3	6	34917	0.000436	0.5974	+0.000024	Y	N	N
p438_sm_620x380.png	620	380	58444	0.000412	192	0.6	6	34476	0.000439	0.5899	+0.000027	Y	N	N
p438_sm_620x380.png	620	380	58444	0.000412	224	0.0	6	36274	0.000356	0.6207	-0.000056	Y	Y	Y
p438_sm_620x380.png	620	380	58444	0.000412	224	0.3	6	36025	0.000356	0.6164	-0.000056	Y	Y	Y
p438_sm_620x380.png	620	380	58444	0.000412	224	0.6	6	36502	0.000355	0.6246	-0.000058	Y	Y	Y
p438_sm_620x380.png	620	380	58444	0.000412	256	0.0	6	39164	0.000303	0.6701	-0.000110	Y	Y	Y
p438_sm_620x380.png	620	380	58444	0.000412	256	0.3	6	39011	0.000302	0.6675	-0.000110	Y	Y	Y
p438_sm_620x380.png	620	380	58444	0.000412	256	0.6	6	39165	0.000308	0.6701	-0.000105	Y	Y	Y
