fixture	family	pile	nupic_size	tiny_size	size_ratio	nupic_dssim	tiny_dssim	dssim_delta
mi0.png	mi	PileC	727	831	0.8748	0.000016	0.000006	+0.000010
mi1.png	mi	PileC	740	874	0.8467	0.000018	0.000006	+0.000012
mi2.png	mi	PileC	593	698	0.8496	0.000016	0.000005	+0.000011
n00_mars.png	n	PASS	254458	340897	0.7464	0.001595	0.002005	-0.000410
n01_mars.png	n	PASS	322292	479278	0.6725	0.003032	0.003190	-0.000158
n02_mars.png	n	PASS	371572	544523	0.6824	0.002384	0.002485	-0.000101
n03_mars.png	n	PileB	308972	483486	0.6391	0.004281	0.004058	+0.000223
n04_mars.png	n	PileB	368487	504710	0.7301	0.003349	0.002910	+0.000439
n05_jupiter.png	n	PileB	146482	207736	0.7051	0.000374	0.000302	+0.000072
n06_jupiter.png	n	PileB	110268	186903	0.5900	0.005130	0.003063	+0.002067
n07_jupiter.png	n	PASS	124430	160749	0.7741	0.000629	0.000651	-0.000022
n08_jupiter.png	n	PileB	95807	126350	0.7583	0.001285	0.001123	+0.000162
n09_nebula.png	n	PileA	459804	494454	0.9299	0.003444	0.008298	-0.004854
n10_nebula.png	n	PileA	167023	182134	0.9170	0.001265	0.002352	-0.001087
n11_nebula.png	n	PileA	171176	60684	2.8208	0.000000	0.005113	-0.005113
n12_nebula.png	n	PileA	710732	769676	0.9234	0.001612	0.003623	-0.002011
n13_nebula.png	n	PileA	600663	645039	0.9312	0.002291	0.004253	-0.001962
n14_galaxy.png	n	PileA	779758	901681	0.8648	0.001078	0.002720	-0.001642
n15_galaxy.png	n	PileA	165537	206151	0.8030	0.001288	0.003915	-0.002627
n16_galaxy.png	n	PileA	978680	1112319	0.8799	0.000591	0.002027	-0.001436
n17_galaxy.png	n	PileA	194060	120520	1.6102	0.000000	0.003261	-0.003261
n18_galaxy.png	n	PileA	132427	150877	0.8777	0.001106	0.003410	-0.002304
n19_moon.png	n	PileA	297763	273925	1.0870	0.000019	0.000652	-0.000633
n20_moon.png	n	PileA	219738	271814	0.8084	0.000705	0.001135	-0.000430
n21_sun.png	n	PASS	159680	225025	0.7096	0.014727	0.015112	-0.000385
n22_sun.png	n	PileA	66334	71633	0.9260	0.000382	0.001707	-0.001325
n23_sun.png	n	PASS	124663	201468	0.6188	0.001246	0.002362	-0.001116
n24_sun.png	n	PileA	1118488	392459	2.8499	0.000000	0.017567	-0.017567
n25_hubble.png	n	PileA	1304418	1407354	0.9269	0.001197	0.002190	-0.000993
n26_hubble.png	n	PASS	74647	95042	0.7854	0.000809	0.001385	-0.000576
n27_hubble.png	n	PileB	96692	126717	0.7631	0.004372	0.003664	+0.000708
n28_astronaut.png	n	PASS	337157	451243	0.7472	0.003699	0.004752	-0.001053
n29_astronaut.png	n	PileB	328795	455819	0.7213	0.005630	0.005080	+0.000550
n30_astronaut.png	n	PASS	232597	382847	0.6075	0.005057	0.005185	-0.000128
n31_rover.png	n	PileC	158370	177902	0.8902	0.001370	0.001354	+0.000016
n32_rover.png	n	PileA	516979	482564	1.0713	0.000076	0.000439	-0.000363
n33_rover.png	n	PileB	349799	488730	0.7157	0.001135	0.001125	+0.000010
n34_comet.png	n	PileA	71485	63336	1.1287	0.000195	0.003450	-0.003255
n35_comet.png	n	PileA	138313	163331	0.8468	0.000334	0.001088	-0.000754
n36_comet.png	n	PileA	17594	12835	1.3708	0.000006	0.000632	-0.000626
p0_480x320.png	p	PileA	44916	55730	0.8060	0.002922	0.004327	-0.001405
p100_1024x768.png	p	PASS	252202	344191	0.7327	0.000948	0.001635	-0.000687
p101_1024x768.png	p	PASS	190901	287524	0.6639	0.001335	0.001475	-0.000140
p102_1024x768.png	p	PileA	332938	290334	1.1467	0.000005	0.000156	-0.000151
p103_1024x768.png	p	PileA	182110	161390	1.1284	0.000083	0.000301	-0.000218
p104_1024x768.png	p	PASS	232784	318336	0.7313	0.000911	0.001018	-0.000107
p105_1024x768.png	p	PileA	266371	308358	0.8638	0.000655	0.001369	-0.000714
p106_1024x768.png	p	PileA	232913	222351	1.0475	0.000032	0.000108	-0.000076
p107_1024x768.png	p	PileA	287057	185286	1.5493	0.000000	0.000889	-0.000889
p108_1024x768.png	p	PASS	188733	273177	0.6909	0.000472	0.000683	-0.000211
p109_1024x768.png	p	PileA	383212	438797	0.8733	0.000740	0.000916	-0.000176
p10_480x320.png	p	PASS	50825	63638	0.7987	0.000563	0.000587	-0.000024
p110_1024x768.png	p	PileA	314853	319336	0.9860	0.000044	0.000135	-0.000091
p111_1024x768.png	p	PileB	155607	238960	0.6512	0.001652	0.001468	+0.000184
p112_1024x768.png	p	PASS	220417	320946	0.6868	0.000428	0.000495	-0.000067
p113_1024x768.png	p	PASS	278096	348281	0.7985	0.000942	0.001041	-0.000099
p114_1024x768.png	p	PileA	400054	439343	0.9106	0.001037	0.001354	-0.000317
p115_1024x768.png	p	PileA	399695	204799	1.9516	0.000000	0.001970	-0.001970
p116_1024x768.png	p	PASS	336654	431423	0.7803	0.002189	0.002709	-0.000520
p117_1024x768.png	p	PileA	412693	374074	1.1032	0.000020	0.000156	-0.000136
p118_1024x768.png	p	PileB	273582	387003	0.7069	0.003409	0.001719	+0.001690
p119_1024x768.png	p	PASS	137377	199798	0.6876	0.000333	0.000344	-0.000011
p11_480x320.png	p	PileA	56605	68613	0.8250	0.000989	0.001647	-0.000658
p120_1920x1080.png	p	PASS	342482	520637	0.6578	0.004908	0.006654	-0.001746
p121_1920x1080.png	p	PileC	434274	542483	0.8005	0.004583	0.004316	+0.000267
p122_1920x1080.png	p	PileB	309340	491824	0.6290	0.004795	0.003831	+0.000964
p123_1920x1080.png	p	PASS	313493	546648	0.5735	0.006540	0.007202	-0.000662
p124_1920x1080.png	p	PASS	346041	515875	0.6708	0.003086	0.003138	-0.000052
p125_1920x1080.png	p	PileA	831892	477885	1.7408	0.000000	0.009766	-0.009766
p126_1920x1080.png	p	PileB	423286	654601	0.6466	0.004067	0.003996	+0.000071
p127_1920x1080.png	p	PileC	564913	678969	0.8320	0.001435	0.001289	+0.000146
p128_1920x1080.png	p	PileC	659910	756448	0.8724	0.001075	0.000997	+0.000078
p129_1920x1080.png	p	PileC	954763	1054145	0.9057	0.000850	0.000688	+0.000162
p12_480x320.png	p	PileA	76982	84452	0.9115	0.000670	0.000892	-0.000222
p130_1920x1080.png	p	PileA	789787	887106	0.8903	0.000728	0.000899	-0.000171
p131_1920x1080.png	p	PileA	619982	751372	0.8251	0.001418	0.001911	-0.000493
p132_1920x1080.png	p	PileA	1264443	1276340	0.9907	0.000874	0.001235	-0.000361
p133_1920x1080.png	p	PileA	906968	1007424	0.9003	0.000906	0.001036	-0.000130
p134_1920x1080.png	p	PileA	1149703	1302079	0.8830	0.000814	0.000990	-0.000176
p135_1920x1080.png	p	PileA	768107	835245	0.9196	0.001065	0.001255	-0.000190
p136_1920x1080.png	p	PileC	1308837	1427597	0.9168	0.001711	0.001485	+0.000226
p137_1920x1080.png	p	PileC	939884	946813	0.9927	0.002837	0.002387	+0.000450
p138_1920x1080.png	p	PileC	878016	976528	0.8991	0.002805	0.002074	+0.000731
p139_1920x1080.png	p	PASS	565403	752508	0.7514	0.001140	0.001191	-0.000051
p13_480x320.png	p	PileA	62344	72796	0.8564	0.000391	0.000600	-0.000209
p140_1920x1080.png	p	PileA	816988	890636	0.9173	0.009845	0.010287	-0.000442
p141_1920x1080.png	p	PileA	1288592	1537054	0.8384	0.000249	0.000469	-0.000220
p142_1920x1080.png	p	PASS	393647	570681	0.6898	0.000460	0.000802	-0.000342
p143_1920x1080.png	p	PileA	801322	491175	1.6314	0.000000	0.001472	-0.001472
p144_1920x1080.png	p	PileA	875230	1071395	0.8169	0.000900	0.001040	-0.000140
p145_1920x1080.png	p	PileA	1090014	1317884	0.8271	0.000284	0.000406	-0.000122
p146_1920x1080.png	p	PileA	802772	898833	0.8931	0.000977	0.001356	-0.000379
p147_1920x1080.png	p	PileC	1481996	1463999	1.0123	0.001886	0.001383	+0.000503
p148_1920x1080.png	p	PileA	1511494	1558895	0.9696	0.000624	0.000901	-0.000277
p149_1920x1080.png	p	PileB	362897	649671	0.5586	0.003633	0.002464	+0.001169
p14_480x320.png	p	PileA	110940	118639	0.9351	0.000632	0.000756	-0.000124
p150_1920x1080.png	p	PileA	413853	391307	1.0576	0.000210	0.000772	-0.000562
p151_1920x1080.png	p	PileA	1277971	1432808	0.8919	0.000195	0.000292	-0.000097
p152_1920x1080.png	p	PASS	560305	748369	0.7487	0.003764	0.005142	-0.001378
p153_1920x1080.png	p	PileA	983205	1191403	0.8252	0.005851	0.007764	-0.001913
p154_1920x1080.png	p	PileB	350092	624033	0.5610	0.006599	0.002595	+0.004004
p155_1920x1080.png	p	PASS	552600	755114	0.7318	0.000403	0.000539	-0.000136
p156_1920x1080.png	p	PileA	612433	722150	0.8481	0.000550	0.000742	-0.000192
p157_1920x1080.png	p	PASS	625018	829269	0.7537	0.000687	0.000983	-0.000296
p158_1920x1080.png	p	PileA	419011	381228	1.0991	0.000000	0.000562	-0.000562
p159_1920x1080.png	p	PASS	744422	935676	0.7956	0.000751	0.000924	-0.000173
p15_480x320.png	p	PileA	52398	64533	0.8120	0.001047	0.001201	-0.000154
p160_1920x1080.png	p	PASS	510653	807968	0.6320	0.001663	0.002318	-0.000655
p161_1920x1080.png	p	PileB	389708	652332	0.5974	0.001657	0.001555	+0.000102
p162_1920x1080.png	p	PileA	757157	729774	1.0375	0.000049	0.000208	-0.000159
p163_1920x1080.png	p	PileA	428198	345991	1.2376	0.000122	0.000641	-0.000519
p164_1920x1080.png	p	PASS	526607	761907	0.6912	0.000975	0.001032	-0.000057
p165_1920x1080.png	p	PileA	644676	752362	0.8569	0.000755	0.001307	-0.000552
p166_1920x1080.png	p	PileA	586384	556943	1.0529	0.000037	0.000124	-0.000087
p167_1920x1080.png	p	PileA	614576	452563	1.3580	0.000000	0.000880	-0.000880
p168_1920x1080.png	p	PASS	382327	615950	0.6207	0.000614	0.000789	-0.000175
p169_1920x1080.png	p	PileA	985512	1094266	0.9006	0.000946	0.001075	-0.000129
p16_480x320.png	p	PileA	90684	100692	0.9006	0.001136	0.001276	-0.000140
p170_1920x1080.png	p	PileA	919175	902056	1.0190	0.000045	0.000168	-0.000123
p171_1920x1080.png	p	PileA	816901	543270	1.5037	0.000000	0.002160	-0.002160
p172_1920x1080.png	p	PileA	811356	647339	1.2534	0.000000	0.000452	-0.000452
p173_1920x1080.png	p	PASS	664076	837756	0.7927	0.000891	0.001048	-0.000157
p174_1920x1080.png	p	PileA	1246390	1262596	0.9872	0.001199	0.001580	-0.000381
p175_1920x1080.png	p	PileA	917795	523233	1.7541	0.000000	0.001966	-0.001966
p176_1920x1080.png	p	PASS	789085	998980	0.7899	0.002832	0.003493	-0.000661
p177_1920x1080.png	p	PileA	762424	782341	0.9745	0.000058	0.000207	-0.000149
p178_1920x1080.png	p	PileB	665144	933197	0.7128	0.003937	0.002275	+0.001662
p179_1920x1080.png	p	PASS	314218	460686	0.6821	0.000342	0.000356	-0.000014
p17_480x320.png	p	PileC	70622	80667	0.8755	0.001875	0.001572	+0.000303
p180_2400x1600.png	p	PASS	575222	874923	0.6575	0.005838	0.007186	-0.001348
p181_2400x1600.png	p	PileC	715362	871705	0.8206	0.004992	0.004865	+0.000127
p182_2400x1600.png	p	PileA	1448123	872395	1.6599	0.000000	0.005048	-0.005048
p183_2400x1600.png	p	PileA	1510513	946607	1.5957	0.000000	0.008400	-0.008400
p184_2400x1600.png	p	PASS	684038	930943	0.7348	0.003804	0.003863	-0.000059
p185_2400x1600.png	p	PileA	1259215	846782	1.4871	0.000000	0.010896	-0.010896
p186_2400x1600.png	p	PASS	721773	1135984	0.6354	0.004110	0.004292	-0.000182
p187_2400x1600.png	p	PileA	1193124	1234609	0.9664	0.001426	0.001449	-0.000023
p188_2400x1600.png	p	PileA	1362884	1375445	0.9909	0.000908	0.001064	-0.000156
p189_2400x1600.png	p	PileC	1737073	1802278	0.9638	0.000971	0.000757	+0.000214
p18_480x320.png	p	PileC	90441	102262	0.8844	0.001589	0.001434	+0.000155
p190_2400x1600.png	p	PileA	1545348	1580025	0.9781	0.000681	0.000878	-0.000197
p191_2400x1600.png	p	PileA	1152148	1275620	0.9032	0.001179	0.002186	-0.001007
p192_2400x1600.png	p	PileA	2097172	2284218	0.9181	0.001104	0.001257	-0.000153
p193_2400x1600.png	p	PileA	1666732	1749527	0.9527	0.001054	0.001110	-0.000056
p194_2400x1600.png	p	PileA	2141245	2201631	0.9726	0.000848	0.001191	-0.000343
p195_2400x1600.png	p	PileA	1447241	1474376	0.9816	0.001348	0.001965	-0.000617
p196_2400x1600.png	p	PileC	2295499	2507911	0.9153	0.001748	0.001742	+0.000006
p197_2400x1600.png	p	PileC	1749433	1671726	1.0465	0.003264	0.002797	+0.000467
p198_2400x1600.png	p	PileC	1600202	1715226	0.9329	0.003152	0.002368	+0.000784
p199_2400x1600.png	p	PileA	1168812	1360975	0.8588	0.001138	0.001210	-0.000072
p19_480x320.png	p	PileB	56778	71814	0.7906	0.000994	0.000991	+0.000003
p1_480x320.png	p	PileC	54196	61574	0.8802	0.002996	0.002772	+0.000224
p200_2400x1600.png	p	PileA	1438284	1479703	0.9720	0.011405	0.013321	-0.001916
p201_2400x1600.png	p	PileA	2492020	2817427	0.8845	0.000251	0.000473	-0.000222
p202_2400x1600.png	p	PileA	1211415	1060846	1.1419	0.000000	0.000835	-0.000835
p203_2400x1600.png	p	PileA	1292871	876934	1.4743	0.000000	0.001673	-0.001673
p204_2400x1600.png	p	PileA	1479957	1829505	0.8089	0.001305	0.001494	-0.000189
p205_2400x1600.png	p	PileA	2336891	2442670	0.9567	0.000260	0.000400	-0.000140
p206_2400x1600.png	p	PileA	1471452	1595194	0.9224	0.001006	0.001473	-0.000467
p207_2400x1600.png	p	PileC	2565555	2520174	1.0180	0.002167	0.001473	+0.000694
p208_2400x1600.png	p	PileA	2564972	2669600	0.9608	0.000754	0.001195	-0.000441
p209_2400x1600.png	p	PileB	674236	1142751	0.5900	0.004155	0.002959	+0.001196
p20_480x320.png	p	PileA	70196	85379	0.8222	0.007693	0.008490	-0.000797
p210_2400x1600.png	p	PileA	844212	759432	1.1116	0.000011	0.000637	-0.000626
p211_2400x1600.png	p	PileA	2485267	2589313	0.9598	0.000228	0.000423	-0.000195
p212_2400x1600.png	p	PASS	1053430	1336405	0.7883	0.004248	0.006293	-0.002045
p213_2400x1600.png	p	PASS	1630337	2040118	0.7991	0.007259	0.008361	-0.001102
p214_2400x1600.png	p	PileA	2002396	1098013	1.8237	0.000000	0.002845	-0.002845
p215_2400x1600.png	p	PileA	1277809	1462962	0.8734	0.000340	0.000592	-0.000252
p216_2400x1600.png	p	PileA	1051207	1176646	0.8934	0.000634	0.000885	-0.000251
p217_2400x1600.png	p	PileA	1221712	1366268	0.8942	0.000886	0.001138	-0.000252
p218_2400x1600.png	p	PileA	610220	624499	0.9771	0.000000	0.000546	-0.000546
p219_2400x1600.png	p	PileA	1662225	1779963	0.9339	0.000635	0.000987	-0.000352
p21_480x320.png	p	PASS	96181	122600	0.7845	0.000184	0.000264	-0.000080
p220_2400x1600.png	p	PASS	881262	1397664	0.6305	0.001931	0.002440	-0.000509
p221_2400x1600.png	p	PileB	688662	1133522	0.6075	0.001812	0.001751	+0.000061
p222_2400x1600.png	p	PileA	1216100	1146888	1.0603	0.000004	0.000220	-0.000216
p223_2400x1600.png	p	PileA	902585	699818	1.2897	0.000092	0.000460	-0.000368
p224_2400x1600.png	p	PileB	987075	1292086	0.7639	0.001008	0.000994	+0.000014
p225_2400x1600.png	p	PileA	1263180	1372896	0.9201	0.000870	0.001609	-0.000739
p226_2400x1600.png	p	PileA	1105177	975612	1.1328	0.000005	0.000143	-0.000138
p227_2400x1600.png	p	PileA	1066669	869554	1.2267	0.000000	0.000944	-0.000944
p228_2400x1600.png	p	PASS	642786	1065359	0.6034	0.000722	0.000870	-0.000148
p229_2400x1600.png	p	PileA	2021074	2010159	1.0054	0.000946	0.001256	-0.000310
p22_480x320.png	p	PASS	43808	62576	0.7001	0.000546	0.000758	-0.000212
p230_2400x1600.png	p	PileA	2024305	1832953	1.1044	0.000013	0.000189	-0.000176
p231_2400x1600.png	p	PileA	1176213	928528	1.2668	0.000000	0.002114	-0.002114
p232_2400x1600.png	p	PileA	1304396	1131028	1.1533	0.000000	0.000485	-0.000485
p233_2400x1600.png	p	PileA	1347595	1470089	0.9167	0.001228	0.001336	-0.000108
p234_2400x1600.png	p	PileA	2422708	2394214	1.0119	0.001372	0.001713	-0.000341
p235_2400x1600.png	p	PileA	1481196	959827	1.5432	0.000000	0.002144	-0.002144
p236_2400x1600.png	p	PileA	1492979	1721716	0.8671	0.002985	0.004161	-0.001176
p237_2400x1600.png	p	PileA	1488941	1384374	1.0755	0.000028	0.000309	-0.000281
p238_2400x1600.png	p	PileB	1128779	1681644	0.6712	0.004378	0.003200	+0.001178
p239_2400x1600.png	p	PileA	874184	730406	1.1968	0.000000	0.000390	-0.000390
p23_480x320.png	p	PASS	32419	42052	0.7709	0.001099	0.001122	-0.000023
p240_3840x2560.png	p	PileA	3621017	2083425	1.7380	0.000000	0.007742	-0.007742
p241_3840x2560.png	p	PileA	3860066	1968595	1.9608	0.000000	0.005888	-0.005888
p242_3840x2560.png	p	PileA	3371243	2084698	1.6171	0.000000	0.005684	-0.005684
p243_3840x2560.png	p	PileA	3474685	2234043	1.5553	0.000000	0.009195	-0.009195
p244_3840x2560.png	p	PASS	1820164	2300418	0.7912	0.004563	0.004580	-0.000017
p245_3840x2560.png	p	PileA	2735500	1990567	1.3742	0.000000	0.011483	-0.011483
p246_3840x2560.png	p	PileA	4464587	2711119	1.6468	0.000000	0.004794	-0.004794
p247_3840x2560.png	p	PileC	3063193	2934388	1.0439	0.001869	0.001866	+0.000003
p248_3840x2560.png	p	PileA	3627819	3348938	1.0833	0.001217	0.001399	-0.000182
p249_3840x2560.png	p	PileC	4122672	4016187	1.0265	0.000891	0.000856	+0.000035
p24_480x320.png	p	PileA	95179	108411	0.8779	0.000211	0.000296	-0.000085
p250_3840x2560.png	p	PileA	3618536	3287808	1.1006	0.000707	0.000997	-0.000290
p251_3840x2560.png	p	PileA	2509134	2779940	0.9026	0.001709	0.003317	-0.001608
p252_3840x2560.png	p	PileA	5627401	5018616	1.1213	0.001139	0.001534	-0.000395
p253_3840x2560.png	p	PileA	3661238	3780511	0.9685	0.001259	0.001409	-0.000150
p254_3840x2560.png	p	PileA	4821293	4725197	1.0203	0.001148	0.001509	-0.000361
p255_3840x2560.png	p	PileA	3364389	3238798	1.0388	0.001806	0.002362	-0.000556
p256_3840x2560.png	p	PileA	6082490	5555680	1.0948	0.001776	0.001977	-0.000201
p257_3840x2560.png	p	PileC	3953649	3736202	1.0582	0.003792	0.002997	+0.000795
p258_3840x2560.png	p	PileC	3641697	3872527	0.9404	0.004270	0.002767	+0.001503
p259_3840x2560.png	p	PileC	2820287	3159465	0.8926	0.001369	0.001352	+0.000017
p25_480x320.png	p	PASS	63248	90175	0.7014	0.000213	0.000261	-0.000048
p260_3840x2560.png	p	PileA	3268641	3153465	1.0365	0.015338	0.018367	-0.003029
p261_3840x2560.png	p	PileA	6362310	6928009	0.9183	0.000305	0.000548	-0.000243
p262_3840x2560.png	p	PileA	2831536	2208078	1.2824	0.000000	0.000747	-0.000747
p263_3840x2560.png	p	PileA	2787655	1907790	1.4612	0.000000	0.001840	-0.001840
p264_3840x2560.png	p	PileC	3346557	4048658	0.8266	0.002252	0.002014	+0.000238
p265_3840x2560.png	p	PileA	5986741	6095883	0.9821	0.000294	0.000481	-0.000187
p266_3840x2560.png	p	PileA	3370308	3551717	0.9489	0.001322	0.001636	-0.000314
p267_3840x2560.png	p	PileC	6269826	5691208	1.1017	0.002985	0.002054	+0.000931
p268_3840x2560.png	p	PileA	6524330	6575059	0.9923	0.000927	0.001378	-0.000451
p269_3840x2560.png	p	PileA	3062586	2558661	1.1969	0.000000	0.003334	-0.003334
p26_480x320.png	p	PileA	63924	75099	0.8512	0.000953	0.001212	-0.000259
p270_3840x2560.png	p	PileA	1860066	1620169	1.1481	0.000017	0.000789	-0.000772
p271_3840x2560.png	p	PileA	5964231	6056942	0.9847	0.000318	0.000523	-0.000205
p272_3840x2560.png	p	PileA	2936358	3359693	0.8740	0.005007	0.006158	-0.001151
p273_3840x2560.png	p	PileA	4553394	4585387	0.9930	0.009007	0.010661	-0.001654
p274_3840x2560.png	p	PileA	4117965	2502418	1.6456	0.000000	0.003084	-0.003084
p275_3840x2560.png	p	PileA	3285879	3467044	0.9477	0.000382	0.000678	-0.000296
p276_3840x2560.png	p	PileA	2347783	2512588	0.9344	0.000879	0.001056	-0.000177
p277_3840x2560.png	p	PileA	3349989	2735821	1.2245	0.000000	0.001060	-0.001060
p278_3840x2560.png	p	PileA	1189971	1416020	0.8404	0.000000	0.000630	-0.000630
p279_3840x2560.png	p	PileA	4658087	4584044	1.0162	0.000775	0.001206	-0.000431
p27_480x320.png	p	PileC	102666	117337	0.8750	0.001359	0.000779	+0.000580
p280_3840x2560.png	p	PileA	4239486	3193108	1.3277	0.000000	0.002931	-0.002931
p281_3840x2560.png	p	PileA	3780901	2568607	1.4720	0.000000	0.001942	-0.001942
p282_3840x2560.png	p	PileA	2632509	2310666	1.1393	0.000008	0.000305	-0.000297
p283_3840x2560.png	p	PileA	2305125	1384038	1.6655	0.000000	0.000630	-0.000630
p284_3840x2560.png	p	PileB	2140585	2937743	0.7286	0.001207	0.001061	+0.000146
p285_3840x2560.png	p	PileA	2939392	3065909	0.9587	0.001134	0.001858	-0.000724
p286_3840x2560.png	p	PileA	2571289	2111834	1.2176	0.000005	0.000159	-0.000154
p287_3840x2560.png	p	PileA	2629124	2126479	1.2364	0.000000	0.001061	-0.001061
p288_3840x2560.png	p	PASS	1371451	2223292	0.6169	0.000945	0.000975	-0.000030
p289_3840x2560.png	p	PileA	5304474	4966272	1.0681	0.001006	0.001340	-0.000334
p28_480x320.png	p	PileA	102845	111664	0.9210	0.000550	0.000808	-0.000258
p290_3840x2560.png	p	PileA	5862928	5218855	1.1234	0.000016	0.000230	-0.000214
p291_3840x2560.png	p	PileA	1945364	1993711	0.9758	0.000000	0.002458	-0.002458
p292_3840x2560.png	p	PileA	2149476	2235569	0.9615	0.000000	0.000489	-0.000489
p293_3840x2560.png	p	PileA	3009595	3187205	0.9443	0.001546	0.001613	-0.000067
p294_3840x2560.png	p	PileA	6734014	6140461	1.0967	0.001423	0.001967	-0.000544
p295_3840x2560.png	p	PileA	3233455	2287400	1.4136	0.000000	0.002076	-0.002076
p296_3840x2560.png	p	PileA	3323408	3705815	0.8968	0.003930	0.005163	-0.001233
p297_3840x2560.png	p	PileA	3168480	2787545	1.1367	0.000043	0.000452	-0.000409
p298_3840x2560.png	p	PileB	2941435	3710544	0.7927	0.004337	0.004291	+0.000046
p299_3840x2560.png	p	PileA	1694471	1429089	1.1857	0.000000	0.000436	-0.000436
p29_480x320.png	p	PileB	47680	66800	0.7138	0.002414	0.001656	+0.000758
p2_480x320.png	p	PASS	41444	54677	0.7580	0.003141	0.003760	-0.000619
p30_480x320.png	p	PileA	29540	28838	1.0243	0.000121	0.000928	-0.000807
p31_480x320.png	p	PileA	98171	113271	0.8667	0.000161	0.000244	-0.000083
p32_480x320.png	p	PileA	60687	73893	0.8213	0.002291	0.002654	-0.000363
p33_480x320.png	p	PileA	96745	110748	0.8736	0.003925	0.004561	-0.000636
p34_480x320.png	p	PileB	48707	63502	0.7670	0.004352	0.002398	+0.001954
p35_480x320.png	p	PileA	67779	84492	0.8022	0.000253	0.000300	-0.000047
p36_480x320.png	p	PileA	57213	70164	0.8154	0.000486	0.000613	-0.000127
p37_480x320.png	p	PASS	43717	59744	0.7317	0.000725	0.000907	-0.000182
p38_480x320.png	p	PASS	26717	40954	0.6524	0.000385	0.000393	-0.000008
p39_480x320.png	p	PileA	78710	86606	0.9088	0.000430	0.000540	-0.000110
p3_480x320.png	p	PASS	40825	54748	0.7457	0.005254	0.005903	-0.000649
p400_sm_380x260.png	p	PileA	34045	39784	0.8557	0.002877	0.004576	-0.001699
p401_sm_460x320.png	p	PileA	51791	59202	0.8748	0.002731	0.002984	-0.000253
p402_sm_540x380.png	p	PASS	50703	69489	0.7297	0.003224	0.003579	-0.000355
p403_sm_620x200.png	p	PASS	33199	47203	0.7033	0.002733	0.003618	-0.000885
p404_sm_300x260.png	p	PASS	25492	31982	0.7971	0.001789	0.002714	-0.000925
p405_sm_380x320.png	p	PASS	29726	42507	0.6993	0.007307	0.007468	-0.000161
p406_sm_460x380.png	p	PileA	65560	77122	0.8501	0.001864	0.002330	-0.000466
p407_sm_540x200.png	p	PileA	46849	52976	0.8843	0.000760	0.000763	-0.000003
p408_sm_620x260.png	p	PileA	63584	75204	0.8455	0.000524	0.000771	-0.000247
p409_sm_300x320.png	p	PileC	43255	48241	0.8966	0.000593	0.000544	+0.000049
p40_480x320.png	p	PileA	71012	86195	0.8239	0.000588	0.000891	-0.000303
p410_sm_380x380.png	p	PileA	46503	56607	0.8215	0.000460	0.000571	-0.000111
p411_sm_460x200.png	p	PileA	36384	43838	0.8300	0.000720	0.001123	-0.000403
p412_sm_540x260.png	p	PileA	70929	77017	0.9210	0.000731	0.000942	-0.000211
p413_sm_620x320.png	p	PileA	84322	98291	0.8579	0.000436	0.000590	-0.000154
p414_sm_300x380.png	p	PileA	82779	89178	0.9282	0.000589	0.000786	-0.000197
p415_sm_380x200.png	p	PASS	26528	33702	0.7871	0.000624	0.000754	-0.000130
p416_sm_460x260.png	p	PileA	73028	80765	0.9042	0.000993	0.001151	-0.000158
p417_sm_540x320.png	p	PileC	78710	90947	0.8654	0.001807	0.001504	+0.000303
p418_sm_620x380.png	p	PileA	138481	146028	0.9483	0.001424	0.001488	-0.000064
p419_sm_300x200.png	p	PileA	27673	33480	0.8266	0.000789	0.000868	-0.000079
p41_480x320.png	p	PASS	51735	70854	0.7302	0.001229	0.001276	-0.000047
p420_sm_380x260.png	p	PileA	49236	59096	0.8332	0.007764	0.008254	-0.000490
p421_sm_460x320.png	p	PASS	90362	116379	0.7764	0.000190	0.000260	-0.000070
p422_sm_540x380.png	p	PASS	54514	79464	0.6860	0.000454	0.000849	-0.000395
p423_sm_620x200.png	p	PASS	28962	39234	0.7382	0.000962	0.001029	-0.000067
p424_sm_300x260.png	p	PileA	51362	56776	0.9046	0.000169	0.000229	-0.000060
p425_sm_380x320.png	p	PASS	50890	71852	0.7083	0.000214	0.000280	-0.000066
p426_sm_460x380.png	p	PileA	72068	84334	0.8546	0.000883	0.001289	-0.000406
p427_sm_540x200.png	p	PileC	86278	93532	0.9224	0.001370	0.000644	+0.000726
p428_sm_620x260.png	p	PileA	123017	135607	0.9072	0.000383	0.000643	-0.000260
p429_sm_300x320.png	p	PileB	33994	44935	0.7565	0.001197	0.000812	+0.000385
p42_480x320.png	p	PileA	65631	61086	1.0744	0.000050	0.000140	-0.000090
p430_sm_380x380.png	p	PileA	29044	27030	1.0745	0.000136	0.000823	-0.000687
p431_sm_460x200.png	p	PileA	58485	70031	0.8351	0.000108	0.000163	-0.000055
p432_sm_540x260.png	p	PASS	57316	73390	0.7810	0.002474	0.002987	-0.000513
p433_sm_620x320.png	p	PASS	109216	141230	0.7733	0.003897	0.004774	-0.000877
p434_sm_300x380.png	p	PileB	34235	45400	0.7541	0.003275	0.001927	+0.001348
p435_sm_380x200.png	p	PASS	38311	49143	0.7796	0.000201	0.000257	-0.000056
p436_sm_460x260.png	p	PileA	45049	55435	0.8126	0.000477	0.000609	-0.000132
p437_sm_540x320.png	p	PASS	48573	70932	0.6848	0.000567	0.000801	-0.000234
p438_sm_620x380.png	p	PileA	85063	58444	1.4555	0.000000	0.000412	-0.000412
p439_sm_300x200.png	p	PileA	34132	39866	0.8562	0.000355	0.000416	-0.000061
p43_480x320.png	p	PileA	39373	33505	1.1751	0.000072	0.000293	-0.000221
p440_sm_380x260.png	p	PileA	50640	61168	0.8279	0.000503	0.000796	-0.000293
p441_sm_460x320.png	p	PASS	50540	68651	0.7362	0.001181	0.001248	-0.000067
p442_sm_540x380.png	p	PileA	86661	80395	1.0779	0.000050	0.000141	-0.000091
p443_sm_620x200.png	p	PileA	26172	22326	1.1723	0.000064	0.000248	-0.000184
p444_sm_300x260.png	p	PASS	34558	44133	0.7830	0.000751	0.000890	-0.000139
p445_sm_380x320.png	p	PileA	41966	51465	0.8154	0.000657	0.001106	-0.000449
p446_sm_460x380.png	p	PileA	55630	53897	1.0322	0.000035	0.000095	-0.000060
p447_sm_540x200.png	p	PASS	22130	33626	0.6581	0.000562	0.000593	-0.000031
p448_sm_620x260.png	p	PASS	42703	61747	0.6916	0.000379	0.000445	-0.000066
p449_sm_300x320.png	p	PileA	47194	55851	0.8450	0.000390	0.000456	-0.000066
p44_480x320.png	p	PASS	61287	76719	0.7989	0.000756	0.000922	-0.000166
p45_480x320.png	p	PileA	52108	64942	0.8024	0.000652	0.001126	-0.000474
p46_480x320.png	p	PileA	53509	47210	1.1334	0.000005	0.000090	-0.000085
p47_480x320.png	p	PASS	33688	48125	0.7000	0.000740	0.000787	-0.000047
p48_480x320.png	p	PASS	45300	63886	0.7091	0.000381	0.000497	-0.000116
p49_480x320.png	p	PileA	74110	88013	0.8420	0.000758	0.000847	-0.000089
p4_480x320.png	p	PASS	41634	54224	0.7678	0.002102	0.003202	-0.001100
p50_480x320.png	p	PileA	65110	66488	0.9793	0.000035	0.000104	-0.000069
p51_480x320.png	p	PASS	42930	57913	0.7413	0.000768	0.000800	-0.000032
p52_480x320.png	p	PASS	38502	57339	0.6715	0.000350	0.000435	-0.000085
p53_480x320.png	p	PASS	63570	79596	0.7987	0.000883	0.000961	-0.000078
p54_480x320.png	p	PileA	71261	82876	0.8599	0.001114	0.001144	-0.000030
p55_480x320.png	p	PileB	33700	52608	0.6406	0.001811	0.001790	+0.000021
p56_480x320.png	p	PileA	81873	95761	0.8550	0.001656	0.002436	-0.000780
p57_480x320.png	p	PileA	75811	75324	1.0065	0.000043	0.000158	-0.000115
p58_480x320.png	p	PileC	67505	81261	0.8307	0.002917	0.002346	+0.000571
p59_480x320.png	p	PASS	36835	52091	0.7071	0.000290	0.000309	-0.000019
p5_480x320.png	p	PASS	36136	51296	0.7045	0.006866	0.008583	-0.001717
p60_1024x768.png	p	PASS	151727	217158	0.6987	0.004375	0.007327	-0.002952
p61_1024x768.png	p	PileC	196077	234630	0.8357	0.003371	0.003119	+0.000252
p62_1024x768.png	p	PASS	140766	211004	0.6671	0.003905	0.004724	-0.000819
p63_1024x768.png	p	PileB	143186	229471	0.6240	0.007149	0.006507	+0.000642
p64_1024x768.png	p	PASS	144134	216671	0.6652	0.002865	0.003442	-0.000577
p65_1024x768.png	p	PASS	113145	205736	0.5500	0.008486	0.008849	-0.000363
p66_1024x768.png	p	PASS	195258	279224	0.6993	0.002914	0.003155	-0.000241
p67_1024x768.png	p	PileB	227074	290900	0.7806	0.001224	0.001123	+0.000101
p68_1024x768.png	p	PileA	249267	308740	0.8074	0.000768	0.000808	-0.000040
p69_1024x768.png	p	PileC	328513	397715	0.8260	0.000830	0.000676	+0.000154
p6_480x320.png	p	PileA	59151	70827	0.8351	0.001598	0.002102	-0.000504
p70_1024x768.png	p	PileA	280380	341997	0.8198	0.000607	0.000737	-0.000130
p71_1024x768.png	p	PASS	248053	311504	0.7963	0.001024	0.001762	-0.000738
p72_1024x768.png	p	PileA	449259	470158	0.9555	0.000703	0.000904	-0.000201
p73_1024x768.png	p	PileA	330892	382491	0.8651	0.000506	0.000739	-0.000233
p74_1024x768.png	p	PileA	507720	538102	0.9435	0.000679	0.000957	-0.000278
p75_1024x768.png	p	PileA	265949	313180	0.8492	0.001170	0.001492	-0.000322
p76_1024x768.png	p	PileC	454198	534251	0.8502	0.001436	0.001294	+0.000142
p77_1024x768.png	p	PileC	301982	350911	0.8606	0.002612	0.002117	+0.000495
p78_1024x768.png	p	PileC	372578	416159	0.8953	0.002055	0.001696	+0.000359
p79_1024x768.png	p	PASS	213265	304398	0.7006	0.000926	0.001098	-0.000172
p7_480x320.png	p	PileC	64611	70280	0.9193	0.001061	0.000989	+0.000072
p80_1024x768.png	p	PileA	333034	385496	0.8639	0.008997	0.009618	-0.000621
p81_1024x768.png	p	PileA	499349	607833	0.8215	0.000216	0.000328	-0.000112
p82_1024x768.png	p	PASS	146594	233067	0.6290	0.000485	0.001274	-0.000789
p83_1024x768.png	p	PileA	310352	187468	1.6555	0.000000	0.001322	-0.001322
p84_1024x768.png	p	PileA	387329	464887	0.8332	0.000554	0.000658	-0.000104
p85_1024x768.png	p	PASS	352240	469043	0.7510	0.000248	0.000355	-0.000107
p86_1024x768.png	p	PileA	325475	362899	0.8969	0.000863	0.001391	-0.000528
p87_1024x768.png	p	PileC	459281	558368	0.8225	0.001844	0.000985	+0.000859
p88_1024x768.png	p	PileA	515745	555329	0.9287	0.000582	0.000801	-0.000219
p89_1024x768.png	p	PileB	190976	292903	0.6520	0.002582	0.001851	+0.000731
p8_480x320.png	p	PileA	65693	72744	0.9031	0.000575	0.000823	-0.000248
p90_1024x768.png	p	PileA	128413	132566	0.9687	0.000186	0.001198	-0.001012
p91_1024x768.png	p	PileA	503523	562393	0.8953	0.000172	0.000324	-0.000152
p92_1024x768.png	p	PASS	241520	317610	0.7604	0.003704	0.004047	-0.000343
p93_1024x768.png	p	PASS	396498	519650	0.7630	0.004799	0.006102	-0.001303
p94_1024x768.png	p	PileB	163833	269857	0.6071	0.005269	0.002666	+0.002603
p95_1024x768.png	p	PASS	209820	289119	0.7257	0.000336	0.000427	-0.000091
p96_1024x768.png	p	PileA	270284	318863	0.8476	0.000467	0.000639	-0.000172
p97_1024x768.png	p	PileA	313105	377097	0.8303	0.000809	0.001128	-0.000319
p98_1024x768.png	p	PileA	187207	151345	1.2370	0.000000	0.000484	-0.000484
p99_1024x768.png	p	PileA	318993	373792	0.8534	0.000570	0.000754	-0.000184
p9_480x320.png	p	PileC	62822	78259	0.8027	0.000923	0.000610	+0.000313
s000_gradient_1084x959.png	s	PileB	3604	6526	0.5523	0.000029	0.000000	+0.000029
s001_gradient_1461x635.png	s	PileA	2979	3288	0.9060	0.000000	0.000380	-0.000380
s002_gradient_1592x927.png	s	PASS	42850	75004	0.5713	0.000007	0.000073	-0.000066
s003_gradient_2298x2088.png	s	PileB	10031	23975	0.4184	0.000020	0.000000	+0.000020
s004_gradient_1546x574.png	s	PileA	2643	2925	0.9036	0.000000	0.000058	-0.000058
s005_gradient_1267x606.png	s	PileA	43020	51833	0.8300	0.000022	0.000091	-0.000069
s006_gradient_1306x1113.png	s	PileB	3668	8292	0.4424	0.000001	0.000000	+0.000001
s007_gradient_575x1620.png	s	PASS	4446	6558	0.6780	0.000033	0.000219	-0.000186
s008_gradient_851x1764.png	s	PASS	38521	64993	0.5927	0.000002	0.000052	-0.000050
s009_gradient_782x748.png	s	PileB	2499	4104	0.6089	0.000021	0.000000	+0.000021
s010_gradient_1689x1549.png	s	PileB	6325	13982	0.4524	0.000028	0.000000	+0.000028
s011_gradient_2345x2127.png	s	PASS	124343	191227	0.6502	0.000000	0.000185	-0.000185
s012_gradient_2267x2091.png	s	PASS	9780	23623	0.4140	0.000000	0.000000	+0.000000
s013_gradient_738x576.png	s	PASS	2292	3262	0.7026	0.000000	0.000000	+0.000000
s014_gradient_1019x1768.png	s	PASS	75762	126419	0.5993	0.000032	0.000069	-0.000037
s015_gradient_1880x2181.png	s	PileB	9418	21275	0.4427	0.000035	0.000000	+0.000035
s016_gradient_1081x1662.png	s	PASS	5414	9687	0.5589	0.000032	0.000091	-0.000059
s017_gradient_1023x1665.png	s	PASS	60623	86722	0.6990	0.000021	0.000519	-0.000498
s018_gradient_1722x675.png	s	PASS	2967	6281	0.4724	0.000000	0.000000	+0.000000
s019_gradient_2029x1022.png	s	PASS	4327	10584	0.4088	0.000000	0.000000	+0.000000
s020_gradient_1779x874.png	s	PASS	62486	105710	0.5911	0.000030	0.000088	-0.000058
s021_gradient_1369x1631.png	s	PASS	6225	12595	0.4942	0.000000	0.000000	+0.000000
s022_gradient_1285x532.png	s	PileA	2516	2571	0.9786	0.000019	0.000037	-0.000018
s023_gradient_995x1142.png	s	PASS	43671	72311	0.6039	0.000016	0.000164	-0.000148
s024_gradient_818x1299.png	s	PileB	4192	7425	0.5646	0.000022	0.000000	+0.000022
s025_noise_400x300.png	s	PileA	115197	119618	0.9630	0.000140	0.000212	-0.000072
s026_noise_500x380.png	s	PileA	188341	188431	0.9995	0.000256	0.000457	-0.000201
s027_noise_600x460.png	s	PileA	273738	273000	1.0027	0.000426	0.000749	-0.000323
s028_noise_700x540.png	s	PileA	374819	373261	1.0042	0.000632	0.001101	-0.000469
s029_noise_800x620.png	s	PileA	443549	489387	0.9063	0.001346	0.001488	-0.000142
s030_noise_900x700.png	s	PileA	562641	621758	0.9049	0.001749	0.001920	-0.000171
s031_noise_1000x780.png	s	PileA	697621	770535	0.9054	0.002218	0.002315	-0.000097
s032_noise_1100x860.png	s	PileA	847065	935786	0.9052	0.002724	0.002729	-0.000005
s033_noise_1200x940.png	s	PileC	1010932	1118644	0.9037	0.003145	0.003039	+0.000106
s034_noise_1300x1020.png	s	PileC	1188122	1317528	0.9018	0.003622	0.003223	+0.000399
s035_noise_1400x1100.png	s	PileC	1381717	1532886	0.9014	0.003931	0.003360	+0.000571
s036_noise_1500x1180.png	s	PileC	1590795	1764860	0.9014	0.004274	0.003411	+0.000863
s037_noise_1600x1260.png	s	PileC	1812035	2014224	0.8996	0.004423	0.003393	+0.001030
s038_noise_1700x1340.png	s	PileC	2048487	2279270	0.8987	0.004539	0.003326	+0.001213
s039_noise_1800x1420.png	s	PileC	2298440	2558581	0.8983	0.004480	0.003319	+0.001161
s040_stripes_p2.png	s	PileA	197	197	1.0000	0.000000	0.000000	+0.000000
s041_stripes_p5.png	s	PileA	203	203	1.0000	0.000000	0.000000	+0.000000
s042_stripes_p8.png	s	PileA	195	195	1.0000	0.000000	0.000000	+0.000000
s043_stripes_p11.png	s	PileA	209	209	1.0000	0.000000	0.000000	+0.000000
s044_stripes_p14.png	s	PileA	204	203	1.0049	0.000000	0.000000	+0.000000
s045_stripes_p17.png	s	PileA	213	213	1.0000	0.000000	0.000000	+0.000000
s046_stripes_p20.png	s	PileA	199	199	1.0000	0.000000	0.000000	+0.000000
s047_stripes_p23.png	s	PileA	215	215	1.0000	0.000000	0.000000	+0.000000
s048_stripes_p26.png	s	PileA	207	207	1.0000	0.000000	0.000000	+0.000000
s049_stripes_p29.png	s	PileA	219	219	1.0000	0.000000	0.000000	+0.000000
s050_stripes_p32.png	s	PASS	147	200	0.7350	0.000000	0.000000	+0.000000
s051_stripes_p35.png	s	PileA	221	220	1.0045	0.000000	0.000000	+0.000000
s052_stripes_p38.png	s	PileA	209	209	1.0000	0.000000	0.000000	+0.000000
s053_stripes_p41.png	s	PileA	219	219	1.0000	0.000000	0.000000	+0.000000
s054_stripes_p44.png	s	PileA	203	203	1.0000	0.000000	0.000000	+0.000000
s055_solid.png	s	PileA	98	98	1.0000	0.000000	0.000000	+0.000000
s056_solid.png	s	PileA	99	100	0.9900	0.000000	0.000000	+0.000000
s057_solid.png	s	PileA	103	103	1.0000	0.000000	0.000000	+0.000000
s058_solid.png	s	PileA	105	105	1.0000	0.000000	0.000000	+0.000000
s059_solid.png	s	PileA	108	108	1.0000	0.000000	0.000000	+0.000000
s060_solid.png	s	PileA	111	111	1.0000	0.000000	0.000000	+0.000000
s061_solid.png	s	PileA	115	115	1.0000	0.000000	0.000000	+0.000000
s062_solid.png	s	PileA	119	119	1.0000	0.000000	0.000000	+0.000000
s063_solid.png	s	PileA	122	122	1.0000	0.000000	0.000000	+0.000000
s064_solid.png	s	PileA	128	128	1.0000	0.000000	0.000000	+0.000000
s065_text.png	s	PileA	4205	3811	1.1034	0.000006	0.000009	-0.000003
s066_text.png	s	PileA	4027	3673	1.0964	0.000005	0.000008	-0.000003
s067_text.png	s	PileA	4103	3795	1.0812	0.000005	0.000008	-0.000003
s068_text.png	s	PileA	4216	3836	1.0991	0.000005	0.000007	-0.000002
s069_text.png	s	PileA	4075	3714	1.0972	0.000006	0.000009	-0.000003
s070_text.png	s	PileA	4151	3776	1.0993	0.000006	0.000008	-0.000002
s071_text.png	s	PileA	4217	3814	1.1057	0.000006	0.000008	-0.000002
s072_text.png	s	PileA	4142	3740	1.1075	0.000006	0.000008	-0.000002
s073_text.png	s	PileA	4174	3882	1.0752	0.000005	0.000007	-0.000002
s074_text.png	s	PileA	4163	3872	1.0752	0.000006	0.000007	-0.000001
s075_text.png	s	PileA	4300	3882	1.1077	0.000005	0.000007	-0.000002
s076_text.png	s	PileA	4058	3730	1.0879	0.000007	0.000008	-0.000001
s077_text.png	s	PileA	4163	3884	1.0718	0.000006	0.000007	-0.000001
s078_text.png	s	PileA	4270	3899	1.0952	0.000006	0.000008	-0.000002
s079_text.png	s	PileA	4121	3791	1.0870	0.000005	0.000008	-0.000003
s080_chart.png	s	PileA	1061	1092	0.9716	0.000000	0.000000	+0.000000
s081_chart.png	s	PileA	1206	1402	0.8602	0.000000	0.000000	+0.000000
s082_chart.png	s	PileA	1194	1249	0.9560	0.000000	0.000000	+0.000000
s083_chart.png	s	PASS	1264	1883	0.6713	0.000000	0.000000	+0.000000
s084_chart.png	s	PASS	1165	1569	0.7425	0.000000	0.000000	+0.000000
s085_trans_circle.png	s	PileA	715	710	1.0070	0.000000	0.000000	+0.000000
s086_trans_circle.png	s	PileA	779	764	1.0196	0.000000	0.000000	+0.000000
s087_trans_circle.png	s	PileA	820	810	1.0123	0.000000	0.000000	+0.000000
s088_trans_circle.png	s	PileA	864	857	1.0082	0.000000	0.000000	+0.000000
s089_trans_circle.png	s	PileA	931	910	1.0231	0.000000	0.000000	+0.000000
s090_trans_circle.png	s	PileA	1012	975	1.0379	0.000000	0.000000	+0.000000
s091_trans_circle.png	s	PileA	1067	1027	1.0389	0.000000	0.000000	+0.000000
s092_trans_circle.png	s	PileA	1130	1125	1.0044	0.000000	0.000000	+0.000000
s093_trans_circle.png	s	PileA	1213	1184	1.0245	0.000000	0.000000	+0.000000
s094_trans_circle.png	s	PileA	1272	1244	1.0225	0.000000	0.000000	+0.000000
s095_sprites.png	s	PileA	2963	3091	0.9586	0.000000	0.000000	+0.000000
s096_sprites.png	s	PileA	2930	3037	0.9648	0.000000	0.000000	+0.000000
s097_sprites.png	s	PileA	2910	3018	0.9642	0.000000	0.000000	+0.000000
s098_sprites.png	s	PileA	2949	3079	0.9578	0.000000	0.000000	+0.000000
s099_sprites.png	s	PileA	2961	3089	0.9586	0.000000	0.000000	+0.000000
wm00_!-tylewice-wiatrak-windmill-abri-20.png	wm	PileC	4286399	4546861	0.9427	0.001048	0.000916	+0.000132
wm01_!MQ_DSF9592-EnhancedAnd2more_fused_.png	wm	PileA	4022047	4153502	0.9684	0.001463	0.002061	-0.000598
wm02_"1930"_Pur_Sang_Type_35_Replica_in_.png	wm	PileA	9019843	8384876	1.0757	0.000526	0.007703	-0.007177
wm03_"A_Justiça"_sculpture_(Leopoldo_de_.png	wm	PileA	6679323	6955915	0.9602	0.000870	0.001447	-0.000577
wm04_"A_Justiça"_sculpture_(Leopoldo_de_.png	wm	PileA	7357464	6960982	1.0570	0.001096	0.001122	-0.000026
wm05_"Access_to_Justice"_by_John_Atkin_(.png	wm	PileA	10413894	9306636	1.1190	0.002759	0.002778	-0.000019
wm06_"Access_to_Justice"_by_John_Atkin_(.png	wm	PileA	11474796	11717157	0.9793	0.001751	0.001824	-0.000073
wm07_"Alte_Post",_Dorfstrasse_9_in_Leuzi.png	wm	PileC	8847794	8423737	1.0503	0.003054	0.001865	+0.001189
wm08_"Alter_Löwen"_in_Märstetten_TG.jpg.png	wm	PileA	5073545	4753932	1.0672	0.001182	0.001399	-0.000217
wm09_"Alter_Stern"_in_Siegershausen.jpg.png	wm	PileA	6069790	5388853	1.1264	0.000868	0.001062	-0.000194
wm10_Birds-1310600,_Wainuiomata,_Welling.png	wm	PileC	4163448	3956509	1.0523	0.002807	0.002417	+0.000390
wm11_Crested_hawk-eagle_(Nisaetus_cirrha.png	wm	PileA	7568967	7658631	0.9883	0.001670	0.002968	-0.001298
wm12_Little_Egret-1000534,_Dingle_Penins.png	wm	PileA	8642125	7902013	1.0937	0.002542	0.002847	-0.000305
wm13_Little_Egret-1000590,_Dingle_Penins.png	wm	PileC	12182739	11343659	1.0740	0.001915	0.001866	+0.000049
wm14_Little_Egret-1000593,_Dingle_Penins.png	wm	PileC	9921069	8916424	1.1127	0.002516	0.002288	+0.000228
wm_0_Cat03.png	wm	PileB	503297	660880	0.7616	0.001394	0.001258	+0.000136
