fixture	pile	c107_size	c107_dssim	tiny_size	tiny_dssim	size_ratio	dssim_delta	size_pass	dssim_pass	both_pass	baseline_pile
mi0.png	PileC	732	0.000016	831	0.000006	0.8809	+0.000010	N	N	N	PileC
mi1.png	PileC	743	0.000019	874	0.000006	0.8501	+0.000013	N	N	N	PileC
mi2.png	PileC	594	0.000016	698	0.000005	0.8510	+0.000011	N	N	N	PileC
n00_mars.png	PASS	262231	0.001556	340897	0.002005	0.7692	-0.000448	Y	Y	Y	PASS
n01_mars.png	PASS	307865	0.003305	479278	0.003190	0.6424	+0.000115	Y	N	N	PASS
n02_mars.png	PASS	362451	0.002542	544523	0.002485	0.6656	+0.000057	Y	N	N	PASS
n03_mars.png	PileB	305033	0.004410	483486	0.004058	0.6309	+0.000352	Y	N	N	PileB
n04_mars.png	PileB	360219	0.003750	504710	0.002910	0.7137	+0.000839	Y	N	N	PileB
n05_jupiter.png	PileB	148214	0.000361	207736	0.000302	0.7135	+0.000059	Y	N	N	PileB
n06_jupiter.png	PileB	111942	0.004969	186903	0.003063	0.5989	+0.001906	Y	N	N	PileB
n07_jupiter.png	PASS	124145	0.000561	160749	0.000651	0.7723	-0.000090	Y	Y	Y	PASS
n08_jupiter.png	PileB	99351	0.001207	126350	0.001123	0.7863	+0.000084	Y	N	N	PileB
n09_nebula.png	PileA	453401	0.003549	494454	0.008298	0.9170	-0.004749	N	Y	N	PileA
n10_nebula.png	PileA	166733	0.001237	182134	0.002352	0.9154	-0.001116	N	Y	N	PileA
n11_nebula.png	PileA	44744	0.004495	60684	0.005113	0.7373	-0.000618	Y	Y	Y	PileA
n12_nebula.png	PileA	797816	0.001378	769676	0.003623	1.0366	-0.002245	N	Y	N	PileA
n13_nebula.png	PileA	590136	0.002404	645039	0.004253	0.9149	-0.001849	N	Y	N	PileA
n14_galaxy.png	PileA	796096	0.001013	901681	0.002720	0.8829	-0.001707	N	Y	N	PileA
n15_galaxy.png	PileA	166266	0.001250	206151	0.003915	0.8065	-0.002665	N	Y	N	PileA
n16_galaxy.png	PileA	992403	0.000476	1112319	0.002027	0.8922	-0.001550	N	Y	N	PileA
n17_galaxy.png	PileA	87455	0.001652	120520	0.003261	0.7256	-0.001610	Y	Y	Y	PileA
n18_galaxy.png	PileA	133776	0.000916	150877	0.003410	0.8867	-0.002495	N	Y	N	PileA
n19_moon.png	PileA	298125	0.000014	273925	0.000652	1.0883	-0.000638	N	Y	N	PileA
n20_moon.png	PileA	221669	0.000686	271814	0.001135	0.8155	-0.000449	N	Y	N	PileA
n21_sun.png	PASS	158558	0.015111	225025	0.015112	0.7046	-0.000001	Y	Y	Y	PASS
n22_sun.png	PileA	66157	0.000370	71633	0.001707	0.9236	-0.001337	N	Y	N	PileA
n23_sun.png	PASS	124875	0.001212	201468	0.002362	0.6198	-0.001150	Y	Y	Y	PASS
n24_sun.png	PileA	320629	0.015654	392459	0.017567	0.8170	-0.001913	N	Y	N	PileA
n25_hubble.png	PileA	1320337	0.001130	1407354	0.002190	0.9382	-0.001059	N	Y	N	PileA
n26_hubble.png	PASS	74197	0.000788	95042	0.001385	0.7807	-0.000597	Y	Y	Y	PASS
n27_hubble.png	PileB	104303	0.004136	126717	0.003664	0.8231	+0.000472	N	N	N	PileB
n28_astronaut.png	PASS	318953	0.004494	451243	0.004752	0.7068	-0.000258	Y	Y	Y	PASS
n29_astronaut.png	PileB	318704	0.005926	455819	0.005080	0.6992	+0.000846	Y	N	N	PileB
n30_astronaut.png	PASS	227460	0.005304	382847	0.005185	0.5941	+0.000118	Y	N	N	PASS
n31_rover.png	PileC	172380	0.001134	177902	0.001354	0.9690	-0.000220	N	Y	N	PileC
n32_rover.png	PileA	516588	0.000076	482564	0.000439	1.0705	-0.000362	N	Y	N	PileA
n33_rover.png	PileB	359487	0.001075	488730	0.001125	0.7356	-0.000049	Y	Y	Y	PileB
n34_comet.png	PileA	70375	0.000194	63336	0.003450	1.1111	-0.003257	N	Y	N	PileA
n35_comet.png	PileA	140025	0.000333	163331	0.001088	0.8573	-0.000755	N	Y	N	PileA
n36_comet.png	PileA	17484	0.000006	12835	0.000632	1.3622	-0.000626	N	Y	N	PileA
p0_480x320.png	PileA	45461	0.002914	55730	0.004327	0.8157	-0.001413	N	Y	N	PileA
p100_1024x768.png	PASS	243917	0.001095	344191	0.001635	0.7087	-0.000540	Y	Y	Y	PASS
p101_1024x768.png	PASS	181544	0.001439	287524	0.001475	0.6314	-0.000036	Y	Y	Y	PASS
p102_1024x768.png	PileA	333560	0.000004	290334	0.000156	1.1489	-0.000151	N	Y	N	PileA
p103_1024x768.png	PileA	183618	0.000073	161390	0.000301	1.1377	-0.000228	N	Y	N	PileA
p104_1024x768.png	PASS	224012	0.000998	318336	0.001018	0.7037	-0.000020	Y	Y	Y	PASS
p105_1024x768.png	PileA	252766	0.000739	308358	0.001369	0.8197	-0.000630	N	Y	N	PileA
p106_1024x768.png	PileA	232259	0.000031	222351	0.000108	1.0446	-0.000077	N	Y	N	PileA
p107_1024x768.png	PileA	100534	0.000927	185286	0.000889	0.5426	+0.000037	Y	N	N	PileA
p108_1024x768.png	PASS	178667	0.000547	273177	0.000683	0.6540	-0.000136	Y	Y	Y	PASS
p109_1024x768.png	PileA	383302	0.000718	438797	0.000916	0.8735	-0.000198	N	Y	N	PileA
p10_480x320.png	PASS	51740	0.000536	63638	0.000587	0.8130	-0.000051	N	Y	N	PASS
p110_1024x768.png	PileA	316136	0.000042	319336	0.000135	0.9900	-0.000093	N	Y	N	PileA
p111_1024x768.png	PileB	157087	0.001402	238960	0.001468	0.6574	-0.000066	Y	Y	Y	PileB
p112_1024x768.png	PASS	219325	0.000380	320946	0.000495	0.6834	-0.000115	Y	Y	Y	PASS
p113_1024x768.png	PASS	263262	0.001068	348281	0.001041	0.7559	+0.000027	Y	N	N	PASS
p114_1024x768.png	PileA	387509	0.001205	439343	0.001354	0.8820	-0.000149	N	Y	N	PileA
p115_1024x768.png	PileA	87912	0.002933	204799	0.001970	0.4293	+0.000963	Y	N	N	PileA
p116_1024x768.png	PASS	401558	0.001668	431423	0.002709	0.9308	-0.001041	N	Y	N	PASS
p117_1024x768.png	PileA	413799	0.000017	374074	0.000156	1.1062	-0.000139	N	Y	N	PileA
p118_1024x768.png	PileB	349211	0.002133	387003	0.001719	0.9023	+0.000414	N	N	N	PileB
p119_1024x768.png	PASS	139299	0.000301	199798	0.000344	0.6972	-0.000043	Y	Y	Y	PASS
p11_480x320.png	PileA	58235	0.000983	68613	0.001647	0.8487	-0.000663	N	Y	N	PileA
p120_1920x1080.png	PASS	297961	0.005059	520637	0.006654	0.5723	-0.001595	Y	Y	Y	PASS
p121_1920x1080.png	PileC	402968	0.004695	542483	0.004316	0.7428	+0.000379	Y	N	N	PileC
p122_1920x1080.png	PileB	263748	0.005001	491824	0.003831	0.5363	+0.001171	Y	N	N	PileB
p123_1920x1080.png	PASS	276904	0.007006	546648	0.007202	0.5065	-0.000196	Y	Y	Y	PASS
p124_1920x1080.png	PASS	298929	0.003246	515875	0.003138	0.5795	+0.000107	Y	N	N	PASS
p125_1920x1080.png	PileA	217645	0.010050	477885	0.009766	0.4554	+0.000284	Y	N	N	PileA
p126_1920x1080.png	PileB	402133	0.004392	654601	0.003996	0.6143	+0.000396	Y	N	N	PileB
p127_1920x1080.png	PileC	539083	0.001345	678969	0.001289	0.7940	+0.000055	Y	N	N	PileC
p128_1920x1080.png	PileC	618282	0.000983	756448	0.000997	0.8173	-0.000014	N	Y	N	PileC
p129_1920x1080.png	PileC	878005	0.000778	1054145	0.000688	0.8329	+0.000091	N	N	N	PileC
p12_480x320.png	PileA	84097	0.000551	84452	0.000892	0.9958	-0.000341	N	Y	N	PileA
p130_1920x1080.png	PileA	715028	0.000695	887106	0.000899	0.8060	-0.000204	N	Y	N	PileA
p131_1920x1080.png	PileA	579607	0.001421	751372	0.001911	0.7714	-0.000490	Y	Y	Y	PileA
p132_1920x1080.png	PileA	1262792	0.000777	1276340	0.001235	0.9894	-0.000458	N	Y	N	PileA
p133_1920x1080.png	PileA	887644	0.000716	1007424	0.001036	0.8811	-0.000321	N	Y	N	PileA
p134_1920x1080.png	PileA	1156490	0.000772	1302079	0.000990	0.8882	-0.000218	N	Y	N	PileA
p135_1920x1080.png	PileA	706702	0.001171	835245	0.001255	0.8461	-0.000084	N	Y	N	PileA
p136_1920x1080.png	PileC	1378554	0.001177	1427597	0.001485	0.9656	-0.000309	N	Y	N	PileC
p137_1920x1080.png	PileC	837162	0.002919	946813	0.002387	0.8842	+0.000532	N	N	N	PileC
p138_1920x1080.png	PileC	819889	0.003023	976528	0.002074	0.8396	+0.000949	N	N	N	PileC
p139_1920x1080.png	PASS	485178	0.001246	752508	0.001191	0.6447	+0.000055	Y	N	N	PASS
p13_480x320.png	PileA	62241	0.000375	72796	0.000600	0.8550	-0.000224	N	Y	N	PileA
p140_1920x1080.png	PileA	718365	0.010249	890636	0.010287	0.8066	-0.000038	N	Y	N	PileA
p141_1920x1080.png	PileA	1255709	0.000238	1537054	0.000469	0.8170	-0.000231	N	Y	N	PileA
p142_1920x1080.png	PASS	368014	0.000415	570681	0.000802	0.6449	-0.000387	Y	Y	Y	PASS
p143_1920x1080.png	PileA	335561	0.001327	491175	0.001472	0.6832	-0.000145	Y	Y	Y	PileA
p144_1920x1080.png	PileA	993687	0.000612	1071395	0.001040	0.9275	-0.000428	N	Y	N	PileA
p145_1920x1080.png	PileA	1030407	0.000277	1317884	0.000406	0.7819	-0.000129	Y	Y	Y	PileA
p146_1920x1080.png	PileA	775331	0.001063	898833	0.001356	0.8626	-0.000293	N	Y	N	PileA
p147_1920x1080.png	PileC	1328924	0.002021	1463999	0.001383	0.9077	+0.000637	N	N	N	PileC
p148_1920x1080.png	PileA	1511023	0.000524	1558895	0.000901	0.9693	-0.000377	N	Y	N	PileA
p149_1920x1080.png	PileB	325689	0.003927	649671	0.002464	0.5013	+0.001463	Y	N	N	PileB
p14_480x320.png	PileA	113887	0.000523	118639	0.000756	0.9599	-0.000232	N	Y	N	PileA
p150_1920x1080.png	PileA	386405	0.000210	391307	0.000772	0.9875	-0.000562	N	Y	N	PileA
p151_1920x1080.png	PileA	1279800	0.000191	1432808	0.000292	0.8932	-0.000101	N	Y	N	PileA
p152_1920x1080.png	PASS	531511	0.003994	748369	0.005142	0.7102	-0.001148	Y	Y	Y	PASS
p153_1920x1080.png	PileA	1069654	0.005229	1191403	0.007764	0.8978	-0.002534	N	Y	N	PileA
p154_1920x1080.png	PileB	319558	0.007032	624033	0.002595	0.5121	+0.004437	Y	N	N	PileB
p155_1920x1080.png	PASS	546098	0.000376	755114	0.000539	0.7232	-0.000162	Y	Y	Y	PASS
p156_1920x1080.png	PileA	586663	0.000620	722150	0.000742	0.8124	-0.000121	N	Y	N	PileA
p157_1920x1080.png	PASS	629805	0.000623	829269	0.000983	0.7595	-0.000360	Y	Y	Y	PASS
p158_1920x1080.png	PileA	172483	0.000650	381228	0.000562	0.4524	+0.000089	Y	N	N	PileA
p159_1920x1080.png	PASS	733680	0.000729	935676	0.000924	0.7841	-0.000194	Y	Y	Y	PASS
p15_480x320.png	PileA	53903	0.000951	64533	0.001201	0.8353	-0.000250	N	Y	N	PileA
p160_1920x1080.png	PASS	480362	0.001988	807968	0.002318	0.5945	-0.000330	Y	Y	Y	PASS
p161_1920x1080.png	PileB	360681	0.001763	652332	0.001555	0.5529	+0.000208	Y	N	N	PileB
p162_1920x1080.png	PileA	752443	0.000049	729774	0.000208	1.0311	-0.000160	N	Y	N	PileA
p163_1920x1080.png	PileA	425508	0.000097	345991	0.000641	1.2298	-0.000544	N	Y	N	PileA
p164_1920x1080.png	PASS	492448	0.001087	761907	0.001032	0.6463	+0.000055	Y	N	N	PASS
p165_1920x1080.png	PileA	607035	0.000873	752362	0.001307	0.8068	-0.000434	N	Y	N	PileA
p166_1920x1080.png	PileA	577794	0.000036	556943	0.000124	1.0374	-0.000088	N	Y	N	PileA
p167_1920x1080.png	PileA	213656	0.000999	452563	0.000880	0.4721	+0.000119	Y	N	N	PileA
p168_1920x1080.png	PASS	354723	0.000717	615950	0.000789	0.5759	-0.000072	Y	Y	Y	PASS
p169_1920x1080.png	PileA	943650	0.000908	1094266	0.001075	0.8624	-0.000167	N	Y	N	PileA
p16_480x320.png	PileA	91320	0.001063	100692	0.001276	0.9069	-0.000213	N	Y	N	PileA
p170_1920x1080.png	PileA	888567	0.000043	902056	0.000168	0.9850	-0.000125	N	Y	N	PileA
p171_1920x1080.png	PileA	320090	0.002031	543270	0.002160	0.5892	-0.000129	Y	Y	Y	PileA
p172_1920x1080.png	PileA	394952	0.000387	647339	0.000452	0.6101	-0.000065	Y	Y	Y	PileA
p173_1920x1080.png	PASS	616762	0.000981	837756	0.001048	0.7362	-0.000067	Y	Y	Y	PASS
p174_1920x1080.png	PileA	1145118	0.001436	1262596	0.001580	0.9070	-0.000144	N	Y	N	PileA
p175_1920x1080.png	PileA	206205	0.003023	523233	0.001966	0.3941	+0.001057	Y	N	N	PileA
p176_1920x1080.png	PASS	933146	0.002135	998980	0.003493	0.9341	-0.001358	N	Y	N	PASS
p177_1920x1080.png	PileA	753314	0.000056	782341	0.000207	0.9629	-0.000151	N	Y	N	PileA
p178_1920x1080.png	PileB	805664	0.002417	933197	0.002275	0.8633	+0.000142	N	N	N	PileB
p179_1920x1080.png	PASS	301172	0.000320	460686	0.000356	0.6537	-0.000036	Y	Y	Y	PASS
p17_480x320.png	PileC	71224	0.001789	80667	0.001572	0.8829	+0.000217	N	N	N	PileC
p180_2400x1600.png	PASS	720218	0.004800	874923	0.007186	0.8232	-0.002386	N	Y	N	PASS
p181_2400x1600.png	PileC	823289	0.004297	871705	0.004865	0.9445	-0.000568	N	Y	N	PileC
p182_2400x1600.png	PileA	729473	0.004149	872395	0.005048	0.8362	-0.000899	N	Y	N	PileA
p183_2400x1600.png	PileA	724230	0.006493	946607	0.008400	0.7651	-0.001907	Y	Y	Y	PileA
p184_2400x1600.png	PASS	806670	0.002905	930943	0.003863	0.8665	-0.000958	N	Y	N	PASS
p185_2400x1600.png	PileA	615710	0.008122	846782	0.010896	0.7271	-0.002774	Y	Y	Y	PileA
p186_2400x1600.png	PASS	938241	0.003599	1135984	0.004292	0.8259	-0.000693	N	Y	N	PASS
p187_2400x1600.png	PileA	1245831	0.001327	1234609	0.001449	1.0091	-0.000122	N	Y	N	PileA
p188_2400x1600.png	PileA	1375973	0.000932	1375445	0.001064	1.0004	-0.000132	N	Y	N	PileA
p189_2400x1600.png	PileC	1732919	0.000782	1802278	0.000757	0.9615	+0.000025	N	N	N	PileC
p18_480x320.png	PileC	93133	0.001470	102262	0.001434	0.9107	+0.000036	N	N	N	PileC
p190_2400x1600.png	PileA	1604697	0.000571	1580025	0.000878	1.0156	-0.000307	N	Y	N	PileA
p191_2400x1600.png	PileA	1208471	0.001074	1275620	0.002186	0.9474	-0.001112	N	Y	N	PileA
p192_2400x1600.png	PileA	2364773	0.000832	2284218	0.001257	1.0353	-0.000425	N	Y	N	PileA
p193_2400x1600.png	PileA	1708063	0.000669	1749527	0.001110	0.9763	-0.000442	N	Y	N	PileA
p194_2400x1600.png	PileA	2154515	0.000771	2201631	0.001191	0.9786	-0.000420	N	Y	N	PileA
p195_2400x1600.png	PileA	1504432	0.001331	1474376	0.001965	1.0204	-0.000634	N	Y	N	PileA
p196_2400x1600.png	PileC	2432503	0.001292	2507911	0.001742	0.9699	-0.000450	N	Y	N	PileC
p197_2400x1600.png	PileC	1796191	0.003101	1671726	0.002797	1.0745	+0.000304	N	N	N	PileC
p198_2400x1600.png	PileC	1755259	0.002992	1715226	0.002368	1.0233	+0.000624	N	N	N	PileC
p199_2400x1600.png	PileA	1278379	0.001031	1360975	0.001210	0.9393	-0.000178	N	Y	N	PileA
p19_480x320.png	PileB	68452	0.000783	71814	0.000991	0.9532	-0.000208	N	Y	N	PileB
p1_480x320.png	PileC	52935	0.002875	61574	0.002772	0.8597	+0.000103	N	N	N	PileC
p200_2400x1600.png	PileA	1435149	0.011042	1479703	0.013321	0.9699	-0.002279	N	Y	N	PileA
p201_2400x1600.png	PileA	2507787	0.000235	2817427	0.000473	0.8901	-0.000239	N	Y	N	PileA
p202_2400x1600.png	PileA	834390	0.000357	1060846	0.000835	0.7865	-0.000478	Y	Y	Y	PileA
p203_2400x1600.png	PileA	832432	0.001262	876934	0.001673	0.9493	-0.000412	N	Y	N	PileA
p204_2400x1600.png	PileA	1706107	0.000879	1829505	0.001494	0.9326	-0.000616	N	Y	N	PileA
p205_2400x1600.png	PileA	2209861	0.000232	2442670	0.000400	0.9047	-0.000168	N	Y	N	PileA
p206_2400x1600.png	PileA	1550643	0.000951	1595194	0.001473	0.9721	-0.000522	N	Y	N	PileA
p207_2400x1600.png	PileC	2425807	0.002248	2520174	0.001473	0.9626	+0.000774	N	N	N	PileC
p208_2400x1600.png	PileA	2582903	0.000634	2669600	0.001195	0.9675	-0.000561	N	Y	N	PileA
p209_2400x1600.png	PileB	894273	0.003877	1142751	0.002959	0.7826	+0.000918	Y	N	N	PileB
p20_480x320.png	PileA	70390	0.007407	85379	0.008490	0.8244	-0.001083	N	Y	N	PileA
p210_2400x1600.png	PileA	826069	0.000006	759432	0.000637	1.0877	-0.000631	N	Y	N	PileA
p211_2400x1600.png	PileA	2479946	0.000205	2589313	0.000423	0.9578	-0.000218	N	Y	N	PileA
p212_2400x1600.png	PASS	1201401	0.003847	1336405	0.006293	0.8990	-0.002447	N	Y	N	PASS
p213_2400x1600.png	PASS	1878585	0.006152	2040118	0.008361	0.9208	-0.002209	N	Y	N	PASS
p214_2400x1600.png	PileA	793855	0.006187	1098013	0.002845	0.7230	+0.003342	Y	N	N	PileA
p215_2400x1600.png	PileA	1294212	0.000305	1462962	0.000592	0.8847	-0.000286	N	Y	N	PileA
p216_2400x1600.png	PileA	1112379	0.000633	1176646	0.000885	0.9454	-0.000252	N	Y	N	PileA
p217_2400x1600.png	PileA	1342364	0.000793	1366268	0.001138	0.9825	-0.000345	N	Y	N	PileA
p218_2400x1600.png	PileA	499529	0.000458	624499	0.000546	0.7999	-0.000088	Y	Y	Y	PileA
p219_2400x1600.png	PileA	1676641	0.000615	1779963	0.000987	0.9420	-0.000372	N	Y	N	PileA
p21_480x320.png	PASS	96766	0.000178	122600	0.000264	0.7893	-0.000085	Y	Y	Y	PASS
p220_2400x1600.png	PASS	1212909	0.001881	1397664	0.002440	0.8678	-0.000559	N	Y	N	PASS
p221_2400x1600.png	PileB	948130	0.001486	1133522	0.001751	0.8364	-0.000264	N	Y	N	PileB
p222_2400x1600.png	PileA	1212489	0.000003	1146888	0.000220	1.0572	-0.000217	N	Y	N	PileA
p223_2400x1600.png	PileA	865458	0.000087	699818	0.000460	1.2367	-0.000373	N	Y	N	PileA
p224_2400x1600.png	PileB	1220613	0.000889	1292086	0.000994	0.9447	-0.000104	N	Y	N	PileB
p225_2400x1600.png	PileA	1314866	0.000852	1372896	0.001609	0.9577	-0.000758	N	Y	N	PileA
p226_2400x1600.png	PileA	1101430	0.000002	975612	0.000143	1.1290	-0.000141	N	Y	N	PileA
p227_2400x1600.png	PileA	722307	0.000864	869554	0.000944	0.8307	-0.000080	N	Y	N	PileA
p228_2400x1600.png	PASS	761760	0.000683	1065359	0.000870	0.7150	-0.000187	Y	Y	Y	PASS
p229_2400x1600.png	PileA	1979375	0.000908	2010159	0.001256	0.9847	-0.000348	N	Y	N	PileA
p22_480x320.png	PASS	44006	0.000504	62576	0.000758	0.7032	-0.000254	Y	Y	Y	PASS
p230_2400x1600.png	PileA	2024368	0.000009	1832953	0.000189	1.1044	-0.000181	N	Y	N	PileA
p231_2400x1600.png	PileA	723725	0.001922	928528	0.002114	0.7794	-0.000192	Y	Y	Y	PileA
p232_2400x1600.png	PileA	1149988	0.000330	1131028	0.000485	1.0168	-0.000154	N	Y	N	PileA
p233_2400x1600.png	PileA	1443972	0.001240	1470089	0.001336	0.9822	-0.000096	N	Y	N	PileA
p234_2400x1600.png	PileA	2374702	0.001318	2394214	0.001713	0.9919	-0.000396	N	Y	N	PileA
p235_2400x1600.png	PileA	655836	0.002315	959827	0.002144	0.6833	+0.000171	Y	N	N	PileA
p236_2400x1600.png	PileA	1633299	0.002509	1721716	0.004161	0.9486	-0.001652	N	Y	N	PileA
p237_2400x1600.png	PileA	1478199	0.000024	1384374	0.000309	1.0678	-0.000285	N	Y	N	PileA
p238_2400x1600.png	PileB	1403025	0.002852	1681644	0.003200	0.8343	-0.000348	N	Y	N	PileB
p239_2400x1600.png	PileA	656278	0.000263	730406	0.000390	0.8985	-0.000128	N	Y	N	PileA
p23_480x320.png	PASS	33003	0.000988	42052	0.001122	0.7848	-0.000134	Y	Y	Y	PASS
p240_3840x2560.png	PileA	1655478	0.004963	2083425	0.007742	0.7946	-0.002779	Y	Y	Y	PileA
p241_3840x2560.png	PileA	1712844	0.005004	1968595	0.005888	0.8701	-0.000884	N	Y	N	PileA
p242_3840x2560.png	PileA	1634322	0.004402	2084698	0.005684	0.7840	-0.001281	Y	Y	Y	PileA
p243_3840x2560.png	PileA	1613536	0.007155	2234043	0.009195	0.7222	-0.002040	Y	Y	Y	PileA
p244_3840x2560.png	PASS	1958204	0.003711	2300418	0.004580	0.8512	-0.000869	N	Y	N	PASS
p245_3840x2560.png	PileA	1323911	0.008299	1990567	0.011483	0.6651	-0.003184	Y	Y	Y	PileA
p246_3840x2560.png	PileA	2081231	0.004750	2711119	0.004794	0.7677	-0.000045	Y	Y	Y	PileA
p247_3840x2560.png	PileC	2951806	0.001757	2934388	0.001866	1.0059	-0.000109	N	Y	N	PileC
p248_3840x2560.png	PileA	3493390	0.001161	3348938	0.001399	1.0431	-0.000238	N	Y	N	PileA
p249_3840x2560.png	PileC	3822022	0.000913	4016187	0.000856	0.9517	+0.000057	N	N	N	PileC
p24_480x320.png	PileA	99977	0.000180	108411	0.000296	0.9222	-0.000117	N	Y	N	PileA
p250_3840x2560.png	PileA	3422790	0.000651	3287808	0.000997	1.0411	-0.000346	N	Y	N	PileA
p251_3840x2560.png	PileA	2534744	0.001519	2779940	0.003317	0.9118	-0.001798	N	Y	N	PileA
p252_3840x2560.png	PileA	5258835	0.001087	5018616	0.001534	1.0479	-0.000447	N	Y	N	PileA
p253_3840x2560.png	PileA	3628223	0.001168	3780511	0.001409	0.9597	-0.000241	N	Y	N	PileA
p254_3840x2560.png	PileA	4688486	0.001035	4725197	0.001509	0.9922	-0.000474	N	Y	N	PileA
p255_3840x2560.png	PileA	3230774	0.001721	3238798	0.002362	0.9975	-0.000641	N	Y	N	PileA
p256_3840x2560.png	PileA	5541618	0.001642	5555680	0.001977	0.9975	-0.000335	N	Y	N	PileA
p257_3840x2560.png	PileC	3882324	0.003495	3736202	0.002997	1.0391	+0.000498	N	N	N	PileC
p258_3840x2560.png	PileC	3797826	0.004008	3872527	0.002767	0.9807	+0.001241	N	N	N	PileC
p259_3840x2560.png	PileC	2923250	0.001240	3159465	0.001352	0.9252	-0.000112	N	Y	N	PileC
p25_480x320.png	PASS	63760	0.000205	90175	0.000261	0.7071	-0.000056	Y	Y	Y	PASS
p260_3840x2560.png	PileA	3142265	0.014143	3153465	0.018367	0.9964	-0.004224	N	Y	N	PileA
p261_3840x2560.png	PileA	6206226	0.000274	6928009	0.000548	0.8958	-0.000274	N	Y	N	PileA
p262_3840x2560.png	PileA	1742524	0.000327	2208078	0.000747	0.7892	-0.000420	Y	Y	Y	PileA
p263_3840x2560.png	PileA	1678709	0.001508	1907790	0.001840	0.8799	-0.000332	N	Y	N	PileA
p264_3840x2560.png	PileC	3761676	0.001452	4048658	0.002014	0.9291	-0.000562	N	Y	N	PileC
p265_3840x2560.png	PileA	5400661	0.000253	6095883	0.000481	0.8860	-0.000227	N	Y	N	PileA
p266_3840x2560.png	PileA	3340215	0.001224	3551717	0.001636	0.9405	-0.000412	N	Y	N	PileA
p267_3840x2560.png	PileC	5534502	0.003028	5691208	0.002054	0.9725	+0.000974	N	N	N	PileC
p268_3840x2560.png	PileA	6322098	0.000773	6575059	0.001378	0.9615	-0.000604	N	Y	N	PileA
p269_3840x2560.png	PileA	1710918	0.004678	2558661	0.003334	0.6687	+0.001344	Y	N	N	PileA
p26_480x320.png	PileA	64419	0.000898	75099	0.001212	0.8578	-0.000314	N	Y	N	PileA
p270_3840x2560.png	PileA	1733935	0.000010	1620169	0.000789	1.0702	-0.000778	N	Y	N	PileA
p271_3840x2560.png	PileA	5627382	0.000277	6056942	0.000523	0.9291	-0.000246	N	Y	N	PileA
p272_3840x2560.png	PileA	3026392	0.004436	3359693	0.006158	0.9008	-0.001722	N	Y	N	PileA
p273_3840x2560.png	PileA	4269174	0.008053	4585387	0.010661	0.9310	-0.002608	N	Y	N	PileA
p274_3840x2560.png	PileA	1619372	0.007266	2502418	0.003084	0.6471	+0.004181	Y	N	N	PileA
p275_3840x2560.png	PileA	3171718	0.000346	3467044	0.000678	0.9148	-0.000332	N	Y	N	PileA
p276_3840x2560.png	PileA	2345607	0.000864	2512588	0.001056	0.9335	-0.000191	N	Y	N	PileA
p277_3840x2560.png	PileA	2598325	0.000794	2735821	0.001060	0.9497	-0.000266	N	Y	N	PileA
p278_3840x2560.png	PileA	960457	0.000540	1416020	0.000630	0.6783	-0.000090	Y	Y	Y	PileA
p279_3840x2560.png	PileA	4407918	0.000734	4584044	0.001206	0.9616	-0.000472	N	Y	N	PileA
p27_480x320.png	PileC	110240	0.001281	117337	0.000779	0.9395	+0.000502	N	N	N	PileC
p280_3840x2560.png	PileA	2497566	0.002663	3193108	0.002931	0.7822	-0.000268	Y	Y	Y	PileA
p281_3840x2560.png	PileA	1963319	0.001775	2568607	0.001942	0.7644	-0.000167	Y	Y	Y	PileA
p282_3840x2560.png	PileA	2454877	0.000007	2310666	0.000305	1.0624	-0.000298	N	Y	N	PileA
p283_3840x2560.png	PileA	1740656	0.000105	1384038	0.000630	1.2577	-0.000525	N	Y	N	PileA
p284_3840x2560.png	PileB	2555425	0.001030	2937743	0.001061	0.8699	-0.000031	N	Y	N	PileB
p285_3840x2560.png	PileA	2890379	0.001073	3065909	0.001858	0.9427	-0.000785	N	Y	N	PileA
p286_3840x2560.png	PileA	2403987	0.000001	2111834	0.000159	1.1383	-0.000158	N	Y	N	PileA
p287_3840x2560.png	PileA	1691795	0.000963	2126479	0.001061	0.7956	-0.000098	Y	Y	Y	PileA
p288_3840x2560.png	PASS	1595826	0.000844	2223292	0.000975	0.7178	-0.000132	Y	Y	Y	PASS
p289_3840x2560.png	PileA	5071670	0.000938	4966272	0.001340	1.0212	-0.000401	N	Y	N	PileA
p28_480x320.png	PileA	106815	0.000478	111664	0.000808	0.9566	-0.000330	N	Y	N	PileA
p290_3840x2560.png	PileA	5755349	0.000011	5218855	0.000230	1.1028	-0.000219	N	Y	N	PileA
p291_3840x2560.png	PileA	1288141	0.002353	1993711	0.002458	0.6461	-0.000106	Y	Y	Y	PileA
p292_3840x2560.png	PileA	1967858	0.000411	2235569	0.000489	0.8802	-0.000077	N	Y	N	PileA
p293_3840x2560.png	PileA	3103815	0.001439	3187205	0.001613	0.9738	-0.000173	N	Y	N	PileA
p294_3840x2560.png	PileA	6269578	0.001494	6140461	0.001967	1.0210	-0.000474	N	Y	N	PileA
p295_3840x2560.png	PileA	1396082	0.002486	2287400	0.002076	0.6103	+0.000409	Y	N	N	PileA
p296_3840x2560.png	PileA	3531500	0.003213	3705815	0.005163	0.9530	-0.001950	N	Y	N	PileA
p297_3840x2560.png	PileA	2881254	0.000030	2787545	0.000452	1.0336	-0.000422	N	Y	N	PileA
p298_3840x2560.png	PileB	2999079	0.004144	3710544	0.004291	0.8083	-0.000147	N	Y	N	PileB
p299_3840x2560.png	PileA	1258152	0.000299	1429089	0.000436	0.8804	-0.000137	N	Y	N	PileA
p29_480x320.png	PileB	47912	0.002280	66800	0.001656	0.7172	+0.000624	Y	N	N	PileB
p2_480x320.png	PASS	42082	0.003164	54677	0.003760	0.7696	-0.000596	Y	Y	Y	PASS
p30_480x320.png	PileA	29125	0.000117	28838	0.000928	1.0100	-0.000811	N	Y	N	PileA
p31_480x320.png	PileA	98230	0.000142	113271	0.000244	0.8672	-0.000102	N	Y	N	PileA
p32_480x320.png	PileA	59571	0.002265	73893	0.002654	0.8062	-0.000389	N	Y	N	PileA
p33_480x320.png	PileA	99402	0.003661	110748	0.004561	0.8976	-0.000900	N	Y	N	PileA
