file	w	h	in_KB	out_KB	time_ms	ssim	n_colors
mi0	96	96	1	0	46.0	100.000000	17
mi1	96	96	1	0	32.6	100.000000	18
mi2	96	96	0	0	31.6	100.000000	15
n00_mars	1280	578	905	254	610.2	71.375438	208
n01_mars	1280	1062	1398	314	873.0	60.421505	208
n02_mars	1280	1220	1397	383	1036.9	62.576232	208
n03_mars	1280	1055	1156	303	1264.1	64.979555	208
n04_mars	1280	928	1459	359	924.6	55.882216	208
n05_jupiter	581	915	489	177	322.9	85.077473	208
n06_jupiter	880	620	389	143	293.6	91.854082	208
n07_jupiter	640	577	400	145	276.4	80.994036	208
n08_jupiter	556	640	320	111	316.8	80.637637	208
n09_nebula	1280	640	1494	450	544.5	68.263865	208
n10_nebula	640	422	435	167	190.3	78.438566	208
n11_nebula	626	639	224	167	330.4	100.000000	-1
n12_nebula	930	1408	2269	693	697.7	71.238264	144
n13_nebula	1244	1280	1970	596	863.1	72.323339	208
n14_galaxy	1280	1280	1825	813	748.7	86.432215	208
n15_galaxy	640	597	390	172	207.4	87.942672	208
n16_galaxy	1280	1280	2147	984	848.7	87.548345	208
n17_galaxy	626	640	281	189	534.7	100.000000	-1
n18_galaxy	640	617	336	135	225.1	86.520341	208
n19_moon	1280	896	517	284	430.4	92.220014	208
n20_moon	640	640	513	226	213.5	86.519206	208
n21_sun	1280	650	759	169	798.2	59.028779	256
n22_sun	640	358	187	68	226.2	90.505075	208
n23_sun	640	640	386	132	234.7	91.355312	208
n24_sun	1280	1280	1443	1092	1477.6	100.000000	-1
n25_hubble	1246	1280	3463	1276	907.1	72.059245	208
n26_hubble	640	640	294	79	356.8	80.827176	208
n27_hubble	600	750	338	93	299.4	87.723617	208
n28_astronaut	1280	960	1396	323	883.3	67.704550	208
n29_astronaut	1280	853	1321	320	861.2	56.295357	208
n30_astronaut	1280	853	1037	231	941.4	57.323470	208
n31_rover	640	480	505	153	281.6	79.331896	208
n32_rover	1280	1277	688	542	749.7	96.286453	208
n33_rover	1280	834	1329	363	721.8	72.629702	208
n34_comet	640	479	151	72	220.0	89.928950	208
n35_comet	1024	487	288	138	289.1	90.714288	208
n36_comet	640	369	23	17	184.5	98.257568	176
p0_480x320	480	320	175	45	184.2	77.237513	208
p1_480x320	480	320	181	54	191.7	82.826534	208
p10_480x320	480	320	152	53	136.5	86.196478	208
p100_1024x768	1024	768	918	259	715.0	73.439335	208
p101_1024x768	1024	768	752	191	555.7	69.425204	208
p102_1024x768	1024	768	582	323	337.6	97.120356	208
p103_1024x768	1024	768	365	202	427.5	92.555319	207
p104_1024x768	1024	768	888	237	595.3	74.077920	208
p105_1024x768	1024	768	943	257	605.3	77.515409	208
p106_1024x768	1024	768	450	241	406.8	96.811563	208
p107_1024x768	1024	768	445	280	937.8	100.000000	-1
p108_1024x768	1024	768	596	182	551.3	74.662711	208
p109_1024x768	1024	768	1066	393	546.6	80.681486	208
p11_480x320	480	320	187	59	171.7	85.024621	208
p110_1024x768	1024	768	644	344	288.1	96.532710	208
p111_1024x768	1024	768	579	163	603.2	71.283606	208
p112_1024x768	1024	768	732	261	444.6	77.367831	208
p113_1024x768	1024	768	991	288	569.2	75.922151	208
p114_1024x768	1024	768	1355	390	773.6	75.955166	208
p115_1024x768	1024	768	603	390	879.9	100.000000	-1
p116_1024x768	1024	768	1207	326	562.9	66.517720	144
p117_1024x768	1024	768	724	401	318.2	95.925885	208
p118_1024x768	1024	768	1022	266	547.6	71.188033	144
p119_1024x768	1024	768	411	152	504.7	86.451201	208
p12_480x320	480	320	233	75	177.3	81.757800	208
p120_1920x1080	1920	1080	1467	311	1481.9	60.249620	208
p121_1920x1080	1920	1080	1589	418	1765.1	74.149884	208
p122_1920x1080	1920	1080	1324	279	1387.5	61.979187	208
p123_1920x1080	1920	1080	1490	316	1439.5	62.544497	256
p124_1920x1080	1920	1080	1524	319	1412.3	62.446174	208
p125_1920x1080	1920	1080	1246	812	2421.2	100.000000	-1
p126_1920x1080	1920	1080	1840	448	1598.9	69.942286	256
p127_1920x1080	1920	1080	1800	567	1154.8	77.308965	208
p128_1920x1080	1920	1080	1965	643	1166.4	79.007226	208
p129_1920x1080	1920	1080	2708	911	1226.8	80.083208	208
p13_480x320	480	320	164	62	131.8	85.781294	208
p130_1920x1080	1920	1080	2096	771	1014.0	81.665813	208
p131_1920x1080	1920	1080	1966	611	1195.8	78.170388	208
p132_1920x1080	1920	1080	3377	1167	899.0	77.775217	208
p133_1920x1080	1920	1080	2247	912	982.1	82.073329	208
p134_1920x1080	1920	1080	3417	1167	855.3	79.311208	208
p135_1920x1080	1920	1080	2257	725	1176.2	73.639511	208
p136_1920x1080	1920	1080	3795	1203	783.8	65.485845	144
p137_1920x1080	1920	1080	2927	905	1262.5	71.614497	208
p138_1920x1080	1920	1080	3263	835	1243.0	72.159187	208
p139_1920x1080	1920	1080	2139	539	1580.1	66.147815	208
p14_480x320	480	320	300	107	164.1	81.738704	208
p140_1920x1080	1920	1080	2860	709	1446.2	72.404925	208
p141_1920x1080	1920	1080	2822	1291	608.5	81.833963	208
p142_1920x1080	1920	1080	1112	399	1085.6	86.462559	208
p143_1920x1080	1920	1080	1328	782	2378.4	100.000000	-1
p144_1920x1080	1920	1080	3035	838	1134.3	74.730296	144
p145_1920x1080	1920	1080	2221	1088	769.2	85.178507	208
p146_1920x1080	1920	1080	2510	768	1114.0	75.229712	208
p147_1920x1080	1920	1080	4182	1303	1165.6	75.479026	208
p148_1920x1080	1920	1080	3757	1413	752.3	78.840068	208
p149_1920x1080	1920	1080	1456	340	1680.8	63.563853	208
p15_480x320	480	320	169	54	143.5	80.477955	208
p150_1920x1080	1920	1080	862	421	898.0	93.082014	208
p151_1920x1080	1920	1080	2776	1322	579.1	84.701020	208
p152_1920x1080	1920	1080	1947	558	1268.7	67.693133	208
p153_1920x1080	1920	1080	3780	874	1023.6	71.940753	144
p154_1920x1080	1920	1080	1700	352	1396.8	62.825097	256
p155_1920x1080	1920	1080	1668	582	1181.1	79.272186	208
p156_1920x1080	1920	1080	1828	609	1200.0	77.693245	208
p157_1920x1080	1920	1080	1777	704	881.5	79.917924	208
p158_1920x1080	1920	1080	739	409	2404.9	100.000000	-1
p159_1920x1080	1920	1080	2313	771	1042.8	79.541508	208
p16_480x320	480	320	275	90	158.9	81.472889	208
p160_1920x1080	1920	1080	1976	512	1380.7	63.447558	208
p161_1920x1080	1920	1080	1627	386	1326.6	64.353505	208
p162_1920x1080	1920	1080	1409	767	835.8	96.730301	208
p163_1920x1080	1920	1080	878	453	1007.4	91.479313	208
p164_1920x1080	1920	1080	2083	542	1357.8	71.833481	208
p165_1920x1080	1920	1080	2350	630	1279.5	75.160163	208
p166_1920x1080	1920	1080	1137	601	922.3	96.485391	208
p167_1920x1080	1920	1080	1002	600	2514.4	100.000000	-1
p168_1920x1080	1920	1080	1258	364	1203.3	70.978520	208
p169_1920x1080	1920	1080	2762	994	1150.6	78.449346	208
p17_480x320	480	320	250	71	197.9	77.898038	208
p170_1920x1080	1920	1080	1796	974	601.5	95.631158	208
p171_1920x1080	1920	1080	1263	797	1919.5	100.000000	-1
p172_1920x1080	1920	1080	1403	792	2309.4	100.000000	-1
p173_1920x1080	1920	1080	2373	685	1340.4	74.641939	208
p174_1920x1080	1920	1080	3738	1107	1015.4	71.955614	208
p175_1920x1080	1920	1080	1451	896	2092.1	100.000000	-1
p176_1920x1080	1920	1080	2780	754	1052.2	64.426332	144
p177_1920x1080	1920	1080	1538	810	810.5	95.960723	208
p178_1920x1080	1920	1080	2414	604	1276.8	68.072830	144
p179_1920x1080	1920	1080	901	334	1121.6	84.871641	208
p18_480x320	480	320	309	92	199.4	80.615869	208
p180_2400x1600	2400	1600	2315	505	2481.5	64.849614	256
p181_2400x1600	2400	1600	2436	633	2704.8	69.965052	208
p182_2400x1600	2400	1600	2224	1414	3866.3	100.000000	-1
p183_2400x1600	2400	1600	2370	1475	4053.5	100.000000	-1
p184_2400x1600	2400	1600	2667	597	2799.7	65.651612	256
p185_2400x1600	2400	1600	1970	1229	4322.7	100.000000	-1
p186_2400x1600	2400	1600	2895	693	2413.4	67.419586	256
p187_2400x1600	2400	1600	3215	1002	2338.1	76.430281	208
p188_2400x1600	2400	1600	3522	1155	2430.5	78.149509	208
p189_2400x1600	2400	1600	4628	1527	2519.8	77.515893	208
p19_480x320	480	320	208	54	161.8	75.932002	208
p190_2400x1600	2400	1600	3621	1442	2032.7	80.095990	208
p191_2400x1600	2400	1600	3180	994	2138.3	73.375507	208
p192_2400x1600	2400	1600	6004	2037	1422.2	75.768238	144
p193_2400x1600	2400	1600	3882	1556	1664.0	81.130046	208
p194_2400x1600	2400	1600	5891	1972	1742.8	76.468755	208
p195_2400x1600	2400	1600	4002	1282	2134.7	74.267529	208
p196_2400x1600	2400	1600	6750	2080	1401.6	70.746109	144
p197_2400x1600	2400	1600	5211	1570	2155.9	69.606688	208
p198_2400x1600	2400	1600	5696	1423	2335.2	70.115913	208
p199_2400x1600	2400	1600	3708	967	2441.0	63.354215	208
p2_480x320	480	320	169	42	176.2	77.609669	208
p20_480x320	480	320	258	70	189.3	78.224859	208
p200_2400x1600	2400	1600	5085	1223	2759.9	70.028240	208
p201_2400x1600	2400	1600	5198	2380	1176.6	81.329291	208
p202_2400x1600	2400	1600	2028	1183	4387.1	100.000000	-1
p203_2400x1600	2400	1600	2223	1262	4523.3	100.000000	-1
p204_2400x1600	2400	1600	5252	1389	1908.8	72.662443	144
p205_2400x1600	2400	1600	4075	2070	1354.6	83.468792	208
p206_2400x1600	2400	1600	4279	1349	2119.8	74.481229	208
p207_2400x1600	2400	1600	7315	2116	2132.9	73.707517	208
p208_2400x1600	2400	1600	6451	2428	1503.4	77.570156	208
p209_2400x1600	2400	1600	2426	607	2186.7	64.223988	256
p21_480x320	480	320	211	99	91.0	86.073823	208
p210_2400x1600	2400	1600	1628	800	1403.8	92.090505	208
p211_2400x1600	2400	1600	5115	2330	1166.9	83.783704	208
p212_2400x1600	2400	1600	3459	969	2693.7	65.022657	208
p213_2400x1600	2400	1600	6538	1447	1986.1	70.042820	144
p214_2400x1600	2400	1600	2699	1955	3729.9	100.000000	-1
p215_2400x1600	2400	1600	3208	1143	2397.1	78.980478	208
p216_2400x1600	2400	1600	3069	955	1891.9	74.281235	208
p217_2400x1600	2400	1600	3005	1142	1949.9	77.504470	208
p218_2400x1600	2400	1600	1101	595	3960.2	100.000000	-1
p219_2400x1600	2400	1600	4280	1481	1894.0	79.101331	208
p22_480x320	480	320	135	46	133.4	88.044995	208
p220_2400x1600	2400	1600	3175	837	2682.7	64.324172	256
p221_2400x1600	2400	1600	2675	654	2374.5	65.385878	256
p222_2400x1600	2400	1600	2204	1177	1398.4	96.290853	208
p223_2400x1600	2400	1600	1613	839	1694.4	90.963695	208
p224_2400x1600	2400	1600	3416	888	2193.7	66.532239	208
p225_2400x1600	2400	1600	4254	1146	2388.9	73.141664	208
p226_2400x1600	2400	1600	2029	1065	1527.6	96.131281	208
p227_2400x1600	2400	1600	1816	1041	4748.9	100.000000	-1
p228_2400x1600	2400	1600	2015	575	1953.5	68.570018	208
p229_2400x1600	2400	1600	5050	1797	2006.5	76.842862	208
p23_480x320	480	320	116	35	135.7	85.924378	208
p230_2400x1600	2400	1600	3555	1962	909.9	95.152165	208
p231_2400x1600	2400	1600	1959	1148	3574.0	100.000000	-1
p232_2400x1600	2400	1600	2384	1273	4601.2	100.000000	-1
p233_2400x1600	2400	1600	4135	1163	2485.1	72.082426	208
p234_2400x1600	2400	1600	6901	2130	1939.1	71.536596	208
p235_2400x1600	2400	1600	2432	1446	3825.1	100.000000	-1
p236_2400x1600	2400	1600	4813	1355	2146.1	67.652804	208
p237_2400x1600	2400	1600	2748	1434	1478.2	95.696448	208
p238_2400x1600	2400	1600	4225	1012	2103.5	63.714714	144
p239_2400x1600	2400	1600	1425	853	3659.3	100.000000	-1
p24_480x320	480	320	281	92	127.1	86.375240	208
p240_3840x2560	3840	2560	4925	3149	9995.7	100.000000	-1
p241_3840x2560	3840	2560	4979	3419	8684.5	100.000000	-1
p242_3840x2560	3840	2560	4702	2829	10188.3	100.000000	-1
p243_3840x2560	3840	2560	4918	2898	10454.4	100.000000	-1
p244_3840x2560	3840	2560	6234	1534	1968.1	60.862810	256
p245_3840x2560	3840	2560	3932	2372	10291.5	100.000000	-1
p246_3840x2560	3840	2560	6166	3852	10209.4	100.000000	-1
p247_3840x2560	3840	2560	7585	2606	1773.2	72.319345	208
p248_3840x2560	3840	2560	8498	3098	1658.2	73.901642	208
p249_3840x2560	3840	2560	9709	3580	1905.2	74.253750	208
p25_480x320	480	320	159	71	115.5	87.995899	208
p250_3840x2560	3840	2560	7553	3065	1761.9	76.345718	208
p251_3840x2560	3840	2560	6490	2094	2015.7	70.027652	208
p252_3840x2560	3840	2560	13084	4912	1564.3	74.830283	208
p253_3840x2560	3840	2560	8183	3372	1655.1	78.921635	208
p254_3840x2560	3840	2560	12695	4099	1668.9	72.869948	208
p255_3840x2560	3840	2560	8624	2789	1970.0	69.433473	208
p256_3840x2560	3840	2560	14774	5378	1484.2	72.346150	208
p257_3840x2560	3840	2560	11126	3312	1939.9	63.672774	208
p258_3840x2560	3840	2560	12340	3103	2141.3	61.112241	208
p259_3840x2560	3840	2560	8162	2333	2055.1	56.004032	208
p26_480x320	480	320	211	65	177.2	81.455018	208
p260_3840x2560	3840	2560	10986	2752	1994.3	62.745363	208
p261_3840x2560	3840	2560	12802	5917	1230.8	80.850173	208
p262_3840x2560	3840	2560	4191	2332	10283.6	100.000000	-1
p263_3840x2560	3840	2560	4344	2312	11965.5	100.000000	-1
p264_3840x2560	3840	2560	11417	3019	1667.2	66.637982	144
p265_3840x2560	3840	2560	9979	5600	1545.1	82.288227	208
p266_3840x2560	3840	2560	9164	2789	1791.8	70.885490	208
p267_3840x2560	3840	2560	17017	5423	1523.0	68.573642	208
p268_3840x2560	3840	2560	15062	6124	1214.1	74.608586	208
p269_3840x2560	3840	2560	4256	2684	9898.0	100.000000	-1
p27_480x320	480	320	329	100	182.5	81.924896	208
p270_3840x2560	3840	2560	3536	1735	1335.2	90.511921	208
p271_3840x2560	3840	2560	11833	5472	1317.5	81.792528	208
p272_3840x2560	3840	2560	8509	2524	1906.3	59.367565	208
p273_3840x2560	3840	2560	14748	3849	1757.5	72.263620	208
p274_3840x2560	3840	2560	5440	3836	9023.0	100.000000	-1
p275_3840x2560	3840	2560	7663	2825	1616.4	74.790234	208
p276_3840x2560	3840	2560	6524	2036	1597.9	74.561376	256
p277_3840x2560	3840	2560	5429	2974	11973.0	100.000000	-1
p278_3840x2560	3840	2560	1945	993	8555.7	100.000000	-1
p279_3840x2560	3840	2560	10718	4044	1495.6	76.959233	208
p28_480x320	480	320	266	100	135.4	85.011123	208
p280_3840x2560	3840	2560	6128	3417	11515.5	100.000000	-1
p281_3840x2560	3840	2560	5281	3218	10039.9	100.000000	-1
p282_3840x2560	3840	2560	4571	2407	1506.8	95.313151	208
p283_3840x2560	3840	2560	3388	2179	8453.9	100.000000	-1
p284_3840x2560	3840	2560	6895	1869	2053.6	67.121517	256
p285_3840x2560	3840	2560	9266	2412	1972.4	68.936923	208
p286_3840x2560	3840	2560	4493	2364	1306.9	95.453369	208
p287_3840x2560	3840	2560	3962	2184	12016.4	100.000000	-1
p288_3840x2560	3840	2560	3928	1188	1551.2	67.684100	256
p289_3840x2560	3840	2560	12269	4704	1546.2	75.020178	208
p29_480x320	480	320	191	50	186.9	78.531330	208
p290_3840x2560	3840	2560	9795	5590	938.8	93.726266	208
p291_3840x2560	3840	2560	3166	1698	8993.3	100.000000	-1
p292_3840x2560	3840	2560	3582	1819	13916.2	100.000000	-1
p293_3840x2560	3840	2560	8666	2505	2257.2	67.472038	208
p294_3840x2560	3840	2560	17113	5821	1358.5	66.227671	208
p295_3840x2560	3840	2560	4797	2672	10042.4	100.000000	-1
p296_3840x2560	3840	2560	10051	2846	1878.1	62.311568	208
p297_3840x2560	3840	2560	5583	2832	1983.9	93.827280	208
p298_3840x2560	3840	2560	9052	2482	1411.1	63.751259	208
p299_3840x2560	3840	2560	2644	1507	9160.3	100.000000	-1
p3_480x320	480	320	177	43	202.6	74.744099	208
p30_480x320	480	320	66	30	109.3	96.026262	208
p31_480x320	480	320	210	104	91.8	88.297409	208
p32_480x320	480	320	192	60	166.2	77.098520	208
p33_480x320	480	320	332	94	182.8	80.273251	208
p34_480x320	480	320	204	48	219.6	74.115230	208
p35_480x320	480	320	175	65	135.1	81.799101	208
p36_480x320	480	320	179	59	152.5	82.466167	208
p37_480x320	480	320	146	49	129.3	83.808180	208
p38_480x320	480	320	97	29	149.7	82.714070	208
p39_480x320	480	320	193	77	145.9	83.561366	208
p4_480x320	480	320	174	42	221.1	77.014948	208
p40_480x320	480	320	235	74	232.9	82.364614	208
p400_sm_380x260	380	260	122	33	140.1	78.985995	208
p401_sm_460x320	460	320	174	51	156.9	83.870875	208
p402_sm_540x380	540	380	209	52	209.9	75.193128	208
p403_sm_620x200	620	200	138	35	160.9	79.024696	208
p404_sm_300x260	300	260	99	25	120.1	80.344646	208
p405_sm_380x320	380	320	137	31	155.5	77.734063	208
p406_sm_460x380	460	380	235	64	177.9	80.075070	208
p407_sm_540x200	540	200	128	44	116.5	86.887772	208
p408_sm_620x260	620	260	185	61	162.2	84.920532	208
p409_sm_300x320	300	320	125	45	106.8	85.280531	208
p41_480x320	480	320	194	53	166.6	77.565418	208
p410_sm_380x380	380	380	136	48	138.8	86.812865	208
p411_sm_460x200	460	200	119	38	114.4	85.812287	208
p412_sm_540x260	540	260	211	69	148.1	82.741162	208
p413_sm_620x320	620	320	219	87	149.1	85.427982	208
p414_sm_300x380	300	380	227	80	139.8	82.478791	208
p415_sm_380x200	380	200	83	27	94.1	83.917532	208
p416_sm_460x260	460	260	217	72	142.7	80.969399	208
p417_sm_540x320	540	320	276	81	214.0	78.693801	208
p418_sm_620x380	620	380	454	131	230.2	78.376051	208
p419_sm_300x200	300	200	95	26	99.6	81.182036	208
p42_480x320	480	320	122	66	99.0	97.975754	-1
p420_sm_380x260	380	260	172	47	135.7	76.164663	208
p421_sm_460x320	460	320	202	94	89.8	86.036684	208
p422_sm_540x380	540	380	168	58	163.0	88.052327	208
p423_sm_620x200	620	200	107	31	126.5	85.715998	208
p424_sm_300x260	300	260	144	49	92.8	85.483555	208
p425_sm_380x320	380	320	131	55	101.2	87.835341	208
p426_sm_460x380	460	380	231	74	177.6	81.974103	208
p427_sm_540x200	540	200	244	84	157.6	82.722027	208
p428_sm_620x260	620	260	307	119	128.8	85.848272	208
p429_sm_300x320	300	320	122	36	181.3	79.765587	208
p43_480x320	480	320	79	42	113.7	93.846764	208
p430_sm_380x380	380	380	64	29	118.7	95.928649	208
p431_sm_460x200	460	200	125	61	74.6	89.911889	208
p432_sm_540x260	540	260	181	59	143.4	80.145378	208
p433_sm_620x320	620	320	421	105	171.8	73.662851	144
p434_sm_300x380	300	380	149	35	173.2	74.275452	208
p435_sm_380x200	380	200	101	37	99.6	87.098785	208
p436_sm_460x260	460	260	140	46	141.5	82.443097	208
p437_sm_540x320	540	320	163	56	138.8	84.736362	208
p438_sm_620x380	620	380	134	83	300.7	100.000000	-1
p439_sm_300x200	300	200	83	33	78.7	85.366687	208
p44_480x320	480	320	218	63	190.0	81.190535	208
p440_sm_380x260	380	260	160	51	135.3	83.986319	208
p441_sm_460x320	460	320	189	51	179.8	77.842324	208
p442_sm_540x380	540	380	161	89	117.8	97.646671	-1
p443_sm_620x200	620	200	55	28	98.6	95.055918	208
p444_sm_300x260	300	260	122	36	124.5	82.066271	208
p445_sm_380x320	380	320	156	43	140.2	82.216025	208
p446_sm_460x380	460	380	111	58	112.2	97.862308	-1
p447_sm_540x200	540	200	84	24	128.7	83.656392	208
p448_sm_620x260	620	260	148	44	187.4	80.624166	208
p449_sm_300x320	300	320	133	52	118.6	84.018583	208
p45_480x320	480	320	197	53	189.8	81.089322	208
p46_480x320	480	320	100	52	106.2	97.342367	208
p47_480x320	480	320	130	37	164.1	82.159159	208
p48_480x320	480	320	152	47	154.3	79.299376	208
p49_480x320	480	320	224	78	155.4	84.034346	208
p5_480x320	480	320	167	37	189.2	77.403246	208
p50_480x320	480	320	131	71	85.4	97.490450	208
p51_480x320	480	320	149	45	165.3	79.052325	208
p52_480x320	480	320	143	46	134.6	85.206535	208
p53_480x320	480	320	229	66	169.7	79.799888	208
p54_480x320	480	320	254	72	168.8	76.971495	208
p55_480x320	480	320	172	33	196.7	68.471879	208
p56_480x320	480	320	259	78	173.3	75.911777	208
p57_480x320	480	320	144	80	88.2	97.580257	208
p58_480x320	480	320	223	65	185.4	82.045072	208
p59_480x320	480	320	111	41	131.9	87.926591	208
p6_480x320	480	320	215	59	168.3	80.090058	208
p60_1024x768	1024	768	651	147	606.9	68.869263	208
p61_1024x768	1024	768	690	192	633.4	78.815395	208
p62_1024x768	1024	768	612	141	584.6	68.618025	208
p63_1024x768	1024	768	673	152	682.4	67.413773	256
p64_1024x768	1024	768	658	143	618.3	68.557532	208
p65_1024x768	1024	768	573	119	662.7	68.387748	256
p66_1024x768	1024	768	801	200	553.5	72.405938	208
p67_1024x768	1024	768	747	244	497.3	79.687082	208
p68_1024x768	1024	768	764	268	516.9	81.959881	208
p69_1024x768	1024	768	1040	344	506.5	81.689034	208
p7_480x320	480	320	180	61	145.7	84.477384	208
p70_1024x768	1024	768	812	299	446.2	83.032287	208
p71_1024x768	1024	768	820	261	511.3	80.976357	208
p72_1024x768	1024	768	1275	437	435.1	81.429208	208
p73_1024x768	1024	768	856	338	398.4	83.917849	208
p74_1024x768	1024	768	1422	506	442.1	79.640614	208
p75_1024x768	1024	768	832	261	504.7	75.797037	208
p76_1024x768	1024	768	1458	442	394.9	73.788712	144
p77_1024x768	1024	768	1122	308	590.5	74.994181	208
p78_1024x768	1024	768	1367	365	610.1	76.067309	208
p79_1024x768	1024	768	850	223	609.2	68.798535	208
p8_480x320	480	320	179	62	155.3	85.293875	208
p80_1024x768	1024	768	1247	321	666.4	74.741662	208
p81_1024x768	1024	768	1098	513	252.3	83.307605	208
p82_1024x768	1024	768	479	165	467.7	87.008801	208
p83_1024x768	1024	768	504	303	914.1	100.000000	-1
p84_1024x768	1024	768	1285	378	515.2	78.154453	144
p85_1024x768	1024	768	821	392	304.1	85.791861	208
p86_1024x768	1024	768	984	314	491.2	78.380518	208
p87_1024x768	1024	768	1598	448	465.2	73.077312	144
p88_1024x768	1024	768	1345	503	347.3	82.158255	208
p89_1024x768	1024	768	763	196	607.7	68.530000	208
p9_480x320	480	320	201	65	139.1	84.499203	208
p90_1024x768	1024	768	300	138	419.0	94.018251	208
p91_1024x768	1024	768	1125	517	265.4	86.563330	208
p92_1024x768	1024	768	827	240	625.7	69.831207	208
p93_1024x768	1024	768	1591	384	519.9	72.917895	144
p94_1024x768	1024	768	777	161	616.2	62.633522	208
p95_1024x768	1024	768	648	224	462.2	80.801097	208
p96_1024x768	1024	768	810	267	537.2	80.606745	208
p97_1024x768	1024	768	836	345	349.3	81.547458	208
p98_1024x768	1024	768	318	182	920.8	100.000000	-1
p99_1024x768	1024	768	898	310	540.1	81.277006	208
s000_gradient_1084x959	1084	959	6	2	277.6	94.007936	207
s001_gradient_1461x635	1461	635	5	2	217.3	100.000000	199
s002_gradient_1592x927	1592	927	111	41	1019.7	100.000000	103
s003_gradient_2298x2088	2298	2088	23	8	866.2	90.924388	208
s004_gradient_1546x574	1546	574	5	2	206.9	100.000000	168
s005_gradient_1267x606	1267	606	152	44	458.1	94.282435	208
s006_gradient_1306x1113	1306	1113	8	3	455.3	94.911863	80
s007_gradient_575x1620	575	1620	7	3	337.3	93.440315	208
s008_gradient_851x1764	851	1764	88	35	1057.7	100.000000	81
s009_gradient_782x748	782	748	4	2	201.3	95.984718	208
s010_gradient_1689x1549	1689	1549	13	5	689.9	93.886464	143
s011_gradient_2345x2127	2345	2127	293	103	2897.5	100.000000	133
s012_gradient_2267x2091	2267	2091	23	7	1144.9	100.000000	123
s013_gradient_738x576	738	576	3	2	142.5	100.000000	202
s014_gradient_1019x1768	1019	1768	371	76	1007.9	91.317401	208
s015_gradient_1880x2181	1880	2181	20	7	801.2	92.505990	207
s016_gradient_1081x1662	1081	1662	11	4	434.8	93.575632	207
s017_gradient_1023x1665	1023	1665	144	59	1219.6	94.639618	146
s018_gradient_1722x675	1722	675	6	2	254.5	98.272507	99
s019_gradient_2029x1022	2029	1022	10	3	535.8	100.000000	50
s020_gradient_1779x874	1779	874	224	64	889.4	93.101108	208
s021_gradient_1369x1631	1369	1631	12	4	658.0	100.000000	183
s022_gradient_1285x532	1285	532	4	2	176.3	95.040650	208
s023_gradient_995x1142	995	1142	126	46	765.2	100.000000	149
s024_gradient_818x1299	818	1299	7	3	324.1	94.849993	208
s025_noise_400x300	400	300	306	112	162.3	88.662696	208
s026_noise_500x380	500	380	523	177	193.1	83.539937	208
s027_noise_600x460	600	460	802	257	305.8	79.301330	208
s028_noise_700x540	700	540	1142	352	567.7	75.610591	208
s029_noise_800x620	800	620	1546	433	607.6	66.721143	144
s030_noise_900x700	900	700	2011	549	828.1	62.924362	144
s031_noise_1000x780	1000	780	2530	681	972.6	60.791681	144
s032_noise_1100x860	1100	860	3098	827	1192.5	58.880509	144
s033_noise_1200x940	1200	940	3717	987	1435.3	57.656383	144
s034_noise_1300x1020	1300	1020	4389	1160	1659.1	57.480803	144
s035_noise_1400x1100	1400	1100	5114	1349	1878.4	57.193153	144
s036_noise_1500x1180	1500	1180	5891	1553	2030.7	57.959578	144
s037_noise_1600x1260	1600	1260	6715	1769	1708.3	58.382156	144
s038_noise_1700x1340	1700	1340	7585	2000	1849.5	59.177751	144
s039_noise_1800x1420	1800	1420	8499	2243	1944.5	60.136605	144
s040_stripes_p2	500	500	2	0	52.0	100.000000	2
s041_stripes_p5	500	500	2	0	53.2	100.000000	2
s042_stripes_p8	500	500	2	0	110.0	100.000000	2
s043_stripes_p11	500	500	2	0	108.9	100.000000	2
s044_stripes_p14	500	500	2	0	59.1	100.000000	2
s045_stripes_p17	500	500	2	0	55.9	100.000000	2
s046_stripes_p20	500	500	2	0	108.6	100.000000	2
s047_stripes_p23	500	500	2	0	110.2	100.000000	2
s048_stripes_p26	500	500	2	0	104.7	100.000000	2
s049_stripes_p29	500	500	2	0	108.0	100.000000	2
s050_stripes_p32	500	500	2	0	104.3	100.000000	2
s051_stripes_p35	500	500	2	0	106.4	100.000000	2
s052_stripes_p38	500	500	2	0	54.2	100.000000	2
s053_stripes_p41	500	500	2	0	104.8	100.000000	2
s054_stripes_p44	500	500	2	0	108.8	100.000000	2
s055_solid	200	150	0	0	49.4	100.000000	1
s056_solid	250	180	0	0	60.5	100.000000	1
s057_solid	300	210	0	0	29.4	100.000000	1
s058_solid	350	240	0	0	79.9	100.000000	1
s059_solid	400	270	1	0	32.6	100.000000	1
s060_solid	450	300	1	0	34.4	100.000000	1
s061_solid	500	330	1	0	35.4	100.000000	1
s062_solid	550	360	1	0	38.3	100.000000	1
s063_solid	600	390	1	0	42.0	100.000000	1
s064_solid	650	420	1	0	98.7	100.000000	1
s065_text	800	600	65	4	231.2	93.474555	105
s066_text	800	600	59	3	235.6	93.481602	108
s067_text	800	600	64	3	220.5	93.456499	109
s068_text	800	600	66	4	229.3	93.764763	111
s069_text	800	600	61	3	220.6	93.755834	107
s070_text	800	600	65	3	216.4	93.262317	108
s071_text	800	600	67	4	217.2	93.581326	107
s072_text	800	600	62	3	215.8	93.433159	110
s073_text	800	600	68	4	217.0	93.517715	110
s074_text	800	600	67	3	228.8	92.983973	109
s075_text	800	600	67	4	221.8	93.587203	116
s076_text	800	600	60	3	220.7	93.113530	110
s077_text	800	600	66	4	219.0	93.368005	114
s078_text	800	600	68	4	219.1	93.856420	112
s079_text	800	600	63	3	217.6	93.410041	111
s080_chart	800	500	2	0	175.4	100.000000	7
s081_chart	900	500	3	0	177.8	100.000000	7
s082_chart	1000	500	3	0	185.8	100.000000	7
s083_chart	1100	500	3	0	195.0	100.000000	7
s084_chart	1200	500	3	0	206.9	100.000000	7
s085_trans_circle	400	400	2	0	50.0	100.000000	2
s086_trans_circle	430	430	2	0	53.7	100.000000	2
s087_trans_circle	460	460	2	0	59.4	100.000000	2
s088_trans_circle	490	490	2	0	58.5	100.000000	2
s089_trans_circle	520	520	3	0	52.0	100.000000	2
s090_trans_circle	550	550	3	0	60.4	100.000000	2
s091_trans_circle	580	580	3	1	74.7	100.000000	2
s092_trans_circle	610	610	3	1	73.9	100.000000	2
s093_trans_circle	640	640	4	1	78.5	100.000000	2
s094_trans_circle	670	670	4	1	82.3	100.000000	2
s095_sprites	800	600	6	2	195.3	100.000000	21
s096_sprites	900	600	6	2	228.2	100.000000	21
s097_sprites	1000	600	6	2	216.6	100.000000	21
s098_sprites	1100	600	6	2	206.6	100.000000	21
s099_sprites	1200	600	6	2	211.2	100.000000	21
wm_0_Cat03	1280	1278	1985	528	1282.0	73.705018	208
wm00_!-tylewice-wiatrak-windmill-abri-20	3456	2304	13381	3908	1177.5	67.665680	144
wm01_!MQ_DSF9592-EnhancedAnd2more_fused_	4543	3176	15118	3317	2909.1	54.105195	208
wm02_"1930"_Pur_Sang_Type_35_Replica_in_	5278	3410	22732	7917	2648.5	77.393219	208
wm03_"A_Justiça"_sculpture_(Leopoldo_de_	5754	3843	20121	5807	5127.8	76.462722	208
wm04_"A_Justiça"_sculpture_(Leopoldo_de_	5667	3810	22704	6004	4401.4	69.949845	208
wm05_"Access_to_Justice"_by_John_Atkin_(	4000	5176	31480	8872	3638.8	67.425093	208
wm06_"Access_to_Justice"_by_John_Atkin_(	5600	4000	31009	9799	3579.1	64.811313	208
wm07_"Alte_Post",_Dorfstrasse_9_in_Leuzi	4200	4800	28208	7416	4060.5	64.574272	208
wm08_"Alter_Löwen"_in_Märstetten_TG.jpg	4200	2800	15128	4277	2338.0	60.513533	208
wm09_"Alter_Stern"_in_Siegershausen.jpg	4000	3000	16390	5238	2019.2	76.809308	208
wm10_Birds-1310600,_Wainuiomata,_Welling	3101	2495	8283	3636	1221.3	60.823523	208
wm11_Crested_hawk-eagle_(Nisaetus_cirrha	4760	3173	22586	6517	2664.0	67.826977	208
wm12_Little_Egret-1000534,_Dingle_Penins	5184	3888	21738	7536	3558.9	68.541979	208
wm13_Little_Egret-1000590,_Dingle_Penins	5184	3888	31391	10701	2814.1	61.479121	208
wm14_Little_Egret-1000593,_Dingle_Penins	5184	3888	25538	8391	3328.7	69.921214	208
